Source,Number,Location,Year,Latitude,Longitude,State/Province,Thickness,Grainsize,type_grainsize,TGSD,Sampling_type,Discipline,P_or_S,dist,axis_dist,notes
"Young, 1990",SY_1,Medial total thickness,1990,43.47062,-121.76212,OR,163.75,NA,nodat,N,LS,TEP,P,66459.49356,28024.92383,-
"Young, 1990",SY_2,Medial total thickness,1990,43.48817,-121.93894,OR,156.5,NA,nodat,N,LS,TEP,P,63361.39596,41587.22597,-
"Young, 1990",SY_3,Medial total thickness,1990,43.33002,-121.79629,OR,272.6,1499.930374,median,Y,LS,TEP,P,51427.74402,17968.48794,-
"Young, 1990",SY_4,Medial total thickness,1990,43.43673,-121.94748,OR,211,1119.41138,median,Y,LS,TEP,P,57650.28584,37641.13376,-
"Young, 1990",SY_5,Medial total thickness,1990,43.3746,-121.83766,OR,209.5,NA,nodat,N,LS,TEP,P,54189.96832,24701.83843,-
"Young, 1990",SY_6,Medial total thickness,1990,43.26009,-121.7271,OR,289.6,1582.356771,median,Y,LS,TEP,P,48525.14096,7110.274358,-
"Young, 1990",SY_7,Medial total thickness,1990,43.30267,-121.60307,OR,231.6,NA,nodat,N,LS,TEP,P,58929.39402,2470.016541,-
"Young, 1990",SY_8,Medial total thickness,1990,43.47164,-121.83342,OR,161.5,NA,nodat,N,LS,TEP,P,64212.68431,32959.0768,-
"Young, 1990",SY_9,Medial total thickness,1990,43.44679,-121.86621,OR,153.5,NA,nodat,N,LS,TEP,P,60684.70218,32998.2033,-
"Young, 1990",SY_10,Medial total thickness,1990,43.47541,-121.61882,OR,134,NA,nodat,N,LS,TEP,P,72806.63475,18725.98188,-
"Young, 1990",SY_11,Medial total thickness,1990,43.5533,-121.97462,OR,91.1,NA,nodat,N,LS,TEP,P,69849.76254,49745.06055,-
"Young, 1990",SY_12,Medial total thickness,1990,43.44924,-121.99942,OR,130.6,1141.32363,median,Y,LS,TEP,P,58115.82626,42278.50989,-
"Young, 1990",SY_13,Medial total thickness,1990,43.51091,-122.00882,OR,131.7,NA,nodat,N,LS,TEP,P,64758.53119,48344.05276,-
"Young, 1990",SY_14,Medial total thickness,1990,43.09804,-121.51907,OR,112.5,NA,nodat,N,LS,TEP,P,52555.66242,21306.98192,-
"Young, 1990",SY_15,Medial total thickness,1990,43.15721,-121.63581,OR,198.5,1847.456786,median,Y,LS,TEP,P,46855.70631,8172.505885,-
"Young, 1990",SY_16,Medial total thickness,1990,43.14086,-121.74132,OR,360.5,NA,nodat,N,LS,TEP,P,38719.34608,2617.826327,-
"Young, 1990",SY_17,Medial total thickness,1990,43.09195,-121.68426,OR,167.5,NA,nodat,N,LS,TEP,P,39895.2242,10613.94056,-
"Young, 1990",SY_18,Medial total thickness,1990,43.07217,-121.63862,OR,152.5,NA,nodat,N,LS,TEP,P,42431.17614,15458.32256,-
"Young, 1990",SY_19,Medial total thickness,1990,43.21233,-121.58022,OR,200.25,NA,nodat,N,LS,TEP,P,53995.16493,7091.983528,-
"Young, 1990",SY_20,Medial total thickness,1990,43.31899,-121.46904,OR,140.5,NA,nodat,N,LS,TEP,P,68317.12535,5245.432041,-
"Young, 1990",SY_21,Medial total thickness,1990,43.38431,-121.46906,OR,130,NA,nodat,N,LS,TEP,P,73056.71538,1036.099996,-
"Young, 1990",SY_22,Medial total thickness,1990,43.3971,-121.75924,OR,192.75,NA,nodat,N,LS,TEP,P,59369.51841,21352.33145,-
"Young, 1990",SY_23,Medial total thickness,1990,43.58825,-121.86626,OR,100.6,NA,nodat,N,LS,TEP,P,75622.7346,45455.74633,-
"Young, 1990",SY_24,Medial total thickness,1990,43.52438,-121.88763,OR,130.6,NA,nodat,N,LS,TEP,P,68326.92939,41282.96147,-
"Young, 1990",SY_25,Medial total thickness,1990,43.376,-121.58884,OR,214.1,1013.839912,median,Y,LS,TEP,P,65600.53482,7936.415931,-
"Young, 1990",SY_26,Medial total thickness,1990,43.41537,-121.58457,OR,186.6,NA,nodat,N,LS,TEP,P,69145.69065,11106.83004,-
"Young, 1990",SY_27,Medial total thickness,1990,43.66154,-121.82779,OR,85.2,NA,nodat,N,LS,TEP,P,84311.02466,49304.15912,-
"Young, 1990",SY_28,Medial total thickness,1990,43.61204,-121.67235,OR,77,NA,nodat,N,LS,TEP,P,83760.46782,34404.34614,-
"Young, 1990",SY_29,Medial total thickness,1990,43.56781,-121.77785,OR,110,NA,nodat,N,LS,TEP,P,75801.73923,37655.3483,-
"Young, 1990",SY_30,Medial total thickness,1990,43.54076,-121.65378,OR,115.1,NA,nodat,N,LS,TEP,P,77460.13067,26861.9187,-
"Young, 1990",SY_31,Medial total thickness,1990,43.06178,-121.50031,OR,83,NA,nodat,N,LS,TEP,P,52784.94357,25775.80356,-
"Young, 1990",SY_32,Medial total thickness,1990,43.00966,-121.54164,OR,79,NA,nodat,N,LS,TEP,P,48229.54284,27554.44496,-
"Young, 1990",SY_33,Medial total thickness,1990,42.98358,-121.5787,OR,101.4,NA,nodat,N,LS,TEP,P,44817.99632,27329.17998,-
"Young, 1990",SY_34,Medial total thickness,1990,43.33243,-121.7086,OR,296,NA,nodat,N,LS,TEP,P,55674.00089,12218.8802,-
"Young, 1990",SY_35,Medial total thickness,1990,43.42881,-121.68297,OR,127,NA,nodat,N,LS,TEP,P,65613.65984,18969.34026,-
"Young, 1990",SY_36,Medial total thickness,1990,43.52233,-121.78781,OR,133.75,NA,nodat,N,LS,TEP,P,70821.69862,34324.56471,-
"Young, 1990",SY_37,Medial total thickness,1990,43.26324,-121.54174,OR,190.6,NA,nodat,N,LS,TEP,P,59854.49031,5212.768485,-
"Young, 1990",SY_38,Medial total thickness,1990,43.23206,-121.64582,OR,250.5,NA,nodat,N,LS,TEP,P,51095.61866,2066.768314,-
"Young, 1990",SY_39,Medial total thickness,1990,43.21654,-121.34779,OR,64.6,NA,nodat,N,LS,TEP,P,70560.94951,22476.79766,-
"Young, 1990",SY_40,Medial total thickness,1990,43.27886,-121.31217,OR,85.1,NA,nodat,N,LS,TEP,P,76366.9452,19388.04245,-
"Young, 1990",SY_41,Medial total thickness,1990,43.35634,-121.39633,OR,109.1,NA,nodat,N,LS,TEP,P,75515.96026,6850.669219,-
"Young, 1990",SY_42,Medial total thickness,1990,43.53232,-121.48053,OR,108,1026.011705,median,Y,LS,TEP,P,84542.83313,14388.30902,-
"Young, 1990",SY_43,Medial total thickness,1990,43.41544,-121.27515,OR,90,NA,nodat,N,LS,TEP,P,87298.81979,9829.114309,-
"Young, 1990",SY_44,Medial total thickness,1990,43.44233,-121.39494,OR,126,NA,nodat,N,LS,TEP,P,81845.25895,867.0693697,-
"Young, 1990",SY_45,Medial total thickness,1990,42.89979,-121.59148,OR,153.1,2935.408283,median,Y,LS,TEP,P,43633.31475,33824.59937,-
"Young, 1990",SY_46,Medial total thickness,1990,42.77342,-121.73191,OR,189.5,NA,nodat,N,LS,TEP,P,36671.00455,35344.79293,-
"Young, 1990",SY_47,Medial total thickness,1990,42.72942,-121.83976,OR,75.5,NA,nodat,N,LS,TEP,P,32503.93906,31825.31648,-
"Young, 1990",SY_48,Medial total thickness,1990,42.85363,-121.62473,OR,235,NA,nodat,N,LS,TEP,P,41735.59872,35614.39701,-
"Young, 1990",SY_49,Medial total thickness,1990,43.44335,-121.49047,OR,143.5,NA,nodat,N,LS,TEP,P,76494.87361,7221.330035,-
"Young, 1990",SY_50,Medial total thickness,1990,43.30583,-121.37349,OR,98,NA,nodat,N,LS,TEP,P,73716.58113,12855.55742,-
"Young, 1990",SY_51,Medial total thickness,1990,43.22379,-121.42479,OR,90.5,NA,nodat,N,LS,TEP,P,65393.63853,16618.99633,-
"Young, 1990",SY_52,Medial total thickness,1990,43.16246,-121.40338,OR,59.6,NA,nodat,N,LS,TEP,P,63946.82782,23479.15769,-
"Young, 1990",SY_54,Medial total thickness,1990,42.8179,-121.64708,OR,242,NA,nodat,N,LS,TEP,P,41035.96954,37231.46395,-
"Young, 1990",SY_55,Medial total thickness,1990,42.73941,-121.62424,OR,136.5,NA,nodat,N,LS,TEP,P,46217.7006,45681.56239,-
"Young, 1990",SY_56,Medial total thickness,1990,42.72267,-121.55579,OR,117,NA,nodat,N,LS,TEP,P,52048.25571,51823.63732,-
"Young, 1990",SY_57,Medial total thickness,1990,42.83884,-121.55726,OR,146,NA,nodat,N,LS,TEP,P,47477.90904,41514.83687,-
"Young, 1990",SY_58,Medial total thickness,1990,42.76666,-121.50875,OR,168.5,1333.640984,median,Y,LS,TEP,P,53606.31717,51165.03693,-
"Young, 1990",SY_59,Medial total thickness,1990,42.71955,-121.42317,OR,110,NA,nodat,N,LS,TEP,P,62052.46133,61136.94563,-
"Young, 1990",SY_60,Medial total thickness,1990,42.67135,-121.3704,OR,81,NA,nodat,N,LS,TEP,P,68193.88578,68971.09766,-
"Young, 1990",SY_61,Medial total thickness,1990,42.58794,-121.43211,OR,45.5,NA,nodat,N,LS,TEP,P,68445.10843,72096.94415,-
"Young, 1990",SY_62,Medial total thickness,1990,42.57637,-121.49484,OR,45.1,NA,nodat,N,LS,TEP,P,65043.2144,68832.11425,-
"Young, 1990",SY_63,Medial total thickness,1990,42.66818,-121.52867,OR,70.1,NA,nodat,N,LS,TEP,P,56947.39006,58460.50846,-
"Young, 1990",SY_64,Medial total thickness,1990,42.74471,-121.3419,OR,81,NA,nodat,N,LS,TEP,P,67298.14378,64455.75098,-
"Young, 1990",SY_65,Medial total thickness,1990,42.86398,-121.30202,OR,65,1012.918438,median,Y,LS,TEP,P,67570.88353,56663.17725,-
"Young, 1990",SY_66,Medial total thickness,1990,42.80435,-121.42321,OR,89,NA,nodat,N,LS,TEP,P,59036.67088,53676.26281,-
"Young, 1990",SY_67,Medial total thickness,1990,42.95648,-121.45178,OR,70,NA,nodat,N,LS,TEP,P,54904.082,38343.6354,-
"Young, 1990",SY_68,Medial total thickness,1990,42.89424,-121.50594,OR,97,NA,nodat,N,LS,TEP,P,50647.08858,40136.72837,-
"Young, 1990",SY_69,Medial total thickness,1990,43.6005,-121.53189,OR,98.1,NA,nodat,N,LS,TEP,P,88264.01926,23879.98497,-
"Young, 1990",SY_70,Medial total thickness,1990,43.70265,-121.49058,OR,72.1,421.9333891,median,Y,LS,TEP,P,99644.23819,30114.47196,-
"Young, 1990",SY_71,Medial total thickness,1990,43.7389,-121.62534,OR,58.5,NA,nodat,N,LS,TEP,P,98124.91376,42422.98316,-
"Young, 1990",SY_72,Medial total thickness,1990,43.73371,-121.78647,OR,65,NA,nodat,N,LS,TEP,P,92952.34217,52868.14267,-
"Young, 1990",SY_73,Medial total thickness,1990,43.72854,-121.86917,OR,59.1,761.1132118,median,Y,LS,TEP,P,90644.71732,58018.82225,-
"Young, 1990",SY_74,Medial total thickness,1990,43.83131,-121.75086,OR,57.5,NA,nodat,N,LS,TEP,P,104159.8937,59071.37494,-
"Young, 1990",SY_75,Medial total thickness,1990,43.82928,-121.63393,OR,65,NA,nodat,N,LS,TEP,P,107083.5172,50987.34605,-
"Young, 1990",SY_76,Medial total thickness,1990,42.70588,-121.67556,OR,125,NA,nodat,N,LS,TEP,P,44571.97599,45121.73135,-
"Young, 1990",SY_78,Medial total thickness,1990,42.58056,-121.58468,OR,38,NA,nodat,N,LS,TEP,P,59079.73525,62329.7947,-
"Young, 1990",SY_79,Medial total thickness,1990,42.63824,-121.74383,OR,1,NA,nodat,N,LS,TEP,P,45244.01372,46386.09367,-
"Young, 1990",SY_80,Medial total thickness,1990,42.66758,-121.87788,OR,23,NA,nodat,N,LS,TEP,P,35797.27706,34633.87656,-
"Young, 1990",SY_81,Medial total thickness,1990,42.63715,-121.93776,OR,NA,NA,nodat,N,LS,TEP,P,36332.46046,33191.4814,-
"Young, 1990",SY_82,Medial total thickness,1990,42.68225,-121.91354,OR,15,NA,nodat,N,LS,TEP,P,32842.92866,30905.37715,-
"Young, 1990",SY_84,Medial total thickness,1990,42.779,-121.88755,OR,7,NA,nodat,N,LS,TEP,P,25880.94333,24211.21317,-
"Young, 1990",SY_85,Medial total thickness,1990,43.13258,-122.02436,OR,810,6784.899264,median,Y,LS,TEP,P,23491.72782,16164.80564,-
"Young, 1990",SY_86,Medial total thickness,1990,43.13986,-122.03292,OR,1200,NA,nodat,N,LS,TEP,P,24028.12064,17387.8128,-
"Young, 1990",SY_87,Medial total thickness,1990,43.59357,-122.07017,OR,50,NA,nodat,N,LS,TEP,P,73394.12175,59790.1235,-
"Young, 1990",SY_88,Medial total thickness,1990,43.37041,-122.02588,OR,238.1,NA,nodat,N,LS,TEP,P,49121.53365,37154.7309,-
"Young, 1990",SY_90,Medial total thickness,1990,43.33825,-122.12711,OR,176,NA,nodat,N,LS,TEP,P,44898.99662,41238.49011,-
"Young, 1990",SY_91,Medial total thickness,1990,43.31748,-122.24117,OR,80,NA,nodat,N,LS,TEP,P,43647.93505,47210.39886,-
"Young, 1990",SY_92,Medial total thickness,1990,43.26248,-122.18554,OR,100,NA,nodat,N,LS,TEP,P,36824.59675,38583.08845,-
"Young, 1990",SY_93,Medial total thickness,1990,43.22925,-122.13847,OR,276,NA,nodat,N,LS,TEP,P,32810.16615,32447.6435,-
"Young, 1990",SY_94,Medial total thickness,1990,43.11689,-122.18373,OR,163,NA,nodat,N,LS,TEP,P,20884.48633,25696.07864,-
"Young, 1990",SY_95,Medial total thickness,1990,43.15408,-121.71138,OR,364.5,NA,nodat,N,LS,TEP,P,41552.69197,3306.916013,-
"Young, 1990",SY_96,Medial total thickness,1990,43.19976,-121.79916,OR,379,4845.515251,median,Y,LS,TEP,P,39627.01298,6726.910197,-
"Young, 1990",SY_97,Medial total thickness,1990,43.22974,-121.8053,OR,450,NA,nodat,N,LS,TEP,P,41850.39745,9759.84458,-
"Young, 1990",SY_98,Medial total thickness,1990,43.1066,-121.34775,OR,50,NA,nodat,N,LS,TEP,P,66099.47811,32180.22849,-
"Young, 1990",SY_99,Medial total thickness,1990,43.10658,-121.4219,OR,40.6,NA,nodat,N,LS,TEP,P,60339.59444,27150.19204,-
"Young, 1990",SY_102,Medial total thickness,1990,42.9246152,-121.95274,OR,13,NA,nodat,N,LS,TEP,P,14006.33252,6007.30113,-
"Young, 1990",SY_103,Medial total thickness,1990,44.01274,-121.70336,OR,59,NA,nodat,N,LS,TEP,P,124573.0477,71892.04562,-
"Young, 1990",SY_104,Medial total thickness,1990,43.92755,-121.3661,OR,47.6,435,median,Y,LS,TEP,P,126276.7178,41632.05172,-
"Young, 1990",SY_105,Medial total thickness,1990,43.6875,-121.0618,OR,40.5,NA,nodat,N,LS,TEP,P,120120.96,1298.357147,-
"Young, 1990",SY_106,Medial total thickness,1990,42.946956,-122.05137,OR,2700,NA,nodat,N,LS,TEP,P,6083.682454,4265.907863,-
"Young, 1990",SY_107,Medial total thickness,1990,42.9639165,-122.05048,OR,745,NA,nodat,N,LS,TEP,P,6840.62057,4230.341055,-
"Young, 1990",SY_116,Medial total thickness,1990,42.9769599,-122.0995,OR,2300,NA,nodat,N,LS,TEP,P,5157.694289,8666.090973,-
"Young, 1990",SY_117,Medial total thickness,1990,42.9734819,-122.13189,OR,1500,NA,nodat,N,LS,TEP,P,4423.217322,10592.46384,-
"Young, 1990",SY_118,Medial total thickness,1990,42.9517402,-122.17348,OR,358,NA,nodat,N,LS,TEP,P,4501.018819,11530.01481,-
"Young, 1990",SY_127,Medial total thickness,1990,43.70787,-121.20825,OR,63.6,NA,nodat,N,LS,TEP,P,113600.5266,11557.86168,-
"Young, 1990",SY_128,Medial total thickness,1990,44.0012,-121.71049,OR,38,NA,nodat,N,LS,TEP,P,123183.059,71352.97018,-
"Young, 1990",SY_129,Medial total thickness,1990,43.2118,-121.84765,OR,352,NA,nodat,N,LS,TEP,P,38179.1518,11072.52312,-
"Young, 1990",SY_130,Medial total thickness,1990,43.10957,-122.21609,OR,80,NA,nodat,N,LS,TEP,P,20892.98266,27270.97721,-
"Young, 1990",SY_131,Medial total thickness,1990,43.24689,-122.25968,OR,55,NA,nodat,N,LS,TEP,P,36466.31755,42288.72223,-
"Young, 1990",SY_132,Medial total thickness,1990,43.31854,-122.13708,OR,152,NA,nodat,N,LS,TEP,P,42722.05187,40189.08957,-
"Young, 1990",SY_133,Medial total thickness,1990,43.45636,-122.1571,OR,75,NA,nodat,N,LS,TEP,P,58083.27687,53656.09885,-
"Young, 1990",SY_134,Medial total thickness,1990,43.47086,-122.09721,OR,86,NA,nodat,N,LS,TEP,P,59670.47939,50845.18604,-
"Young, 1990",SY_135,Medial total thickness,1990,42.9037268,-121.97699,OR,1000,NA,nodat,N,LS,TEP,P,12455.00346,6183.907444,-
"Young, 1990",SY_136,Medial total thickness,1990,42.77755,-122.00768,OR,60,NA,nodat,N,LS,TEP,P,19814.13959,16105.33748,-
"Young, 1990",SY_138,Medial total thickness,1990,42.72485,-121.12801,OR,21.5,NA,nodat,N,LS,TEP,P,84676.87183,80734.9828,-
"Young, 1990",SY_145,Medial total thickness,1990,42.911933,-122.06029,OR,480,NA,nodat,N,LS,TEP,P,5742.606443,4403.275643,-
"Young, 1990",SY_146,Medial total thickness,1990,42.9354289,-122.04335,OR,500,NA,nodat,N,LS,TEP,P,6570.746001,4274.35387,-
"Young, 1990",SY_147,Medial total thickness,1990,42.9149792,-122.06742,OR,550,NA,nodat,N,LS,TEP,P,5071.811738,4411.457479,-
"Young, 1990",SY_149,Medial total thickness,1990,42.8993111,-122.10693,OR,300,NA,nodat,N,LS,TEP,P,4104.55602,4592.923075,-
"Young, 1990",SY_150,Medial total thickness,1990,42.977612,-122.09534,OR,3025,NA,nodat,N,LS,TEP,P,5362.801047,8453.803226,-
"Street et al., 2012",1,Swamp Lake,2012,37.950225,-119.829081,CA,0.5,NA,nodat,N,LC,ECO,unk,593794.7803,586096.3965,"mid-elevation tarn lake, sediment cores with Livingstone corer, ash at 400cm in the core"
"Young, 1990; originally pers comm from Davis, 1989",2,Simon Young Site 22,1989,38.15098919,-116.7311715,NV,0.1,NA,nodat,N,unk,TEP,unk,704900.495,780792.0667,-
"Haynes et al., 1967; Davis, 1978; Young, 1990",3,Osgood Swamp,1967,38.846435,-120.041991,CA,0.1,NA,nodat,N,PB,DAT,unk,492626.6445,493615.8779,Peat from pit on edge of Osgood Swamp; matched with site 25 in Young (1990) Figure 2
"Davis, 1978; used in Simon Young, 1990",4,Simon Young Site 24,1978,39.97425095,-118.2408447,NV,5,NA,nodat,N,unk,TEP,unk,463988.8785,517774.7119,Site 24 on Figure 2 in Young (1990)
"Louderback et al., 2009",5,"Blue Lake wetlands, S of Wendover",2009,40.5,-114.036,UT,NA,NA,nodat,N,PB,ECO,S,721598.2118,743058.64,Lens of Mazama ash in core from Blue Lake wetlands
"Oviatt et al., 2018",6,"Juke Box trench, near Wendover",2018,40.7549,-114.0102,UT,0.75,NA,nodat,N,trench,GEO,unk,711745.5293,721202.2717,"Juke box trench dug in lake deposits spanning Holocene, Mazama ash identified as laterally continous layer over ~7m, confirmed with geochemistry"
"Mullineaux, 1974; Young, 1990",7,Simon Young Site 21,1974,40.78989688,-112.6419438,UT,0.1,NA,nodat,N,unk,TEP,unk,817011.7966,802174.6448,Site 21 on Figure 2 in Young (1990)
"Oviatt unpublished information; Rey, 2012",8,Pilot Valley Playa,2012,41.07,-113.88,UT,NA,NA,nodat,N,unk,unk,unk,708681.5103,700219.5199,-
"Grey and Bennett, 1972; Spencer et al., 1984; Balch et al., 2005; Thompson et al., 2016",9,Great Salt Lake,1972,41.479,-112.452,UT,NA,NA,nodat,N,LC,ECO,unk,808073.3852,749304.0928,Multiple cores of Great Salt Lake from various sources; Spencer et al. (1984) have carbon dating (with hard water correction); occurs at 4.77m in the Balch et al. (2005) paper; lat and long are of Spencer core in north of lake 
"Oviatt unpublished information; Miller, et al., 2013",10,Prohibition Creek,2013,41.556813,-113.638231,UT,NA,NA,nodat,N,unk,unk,unk,710756.731,670046.18,-
"Oviatt unpublished information; Miller, et al., 2013",11,Keg Spring Creek,2013,41.602202,-113.815141,UT,NA,NA,nodat,N,unk,unk,unk,695233.0794,654973.8093,-
"Foit & Mehringer, 2016",12,Blue Lake,2016,41.679259,-118.717094,NV,NA,NA,nodat,N,LC,TEP,S,311893.0691,334291.7846,"3.61m in core there are a mixture of 3 tephras (Trego Hot Springs, Lava Creek and climactic Mazama), redeposition event"
"Davis, 1978; cited in Sarna-Wojcicki et al., 1983; Simon Young, 1990 ",13,Virgin Creek,1978,41.731635,-119.134785,NV,10,NA,nodat,N,unk,unk,unk,278927.2625,301824.8218,-
"Mehringer et al., 1971 CAN'T ACCESS PAPER",14,Raft River Mountains,1971,41.917,-113.356,UT,NA,NA,nodat,N,unk,TEP,unk,723464.027,653783.4963,-
"Kittleman, 1973",15,"Night-fire archaeological site, California",1973,41.960409,-121.797887,CA,NA,NA,nodat,N,LS,TEP,P,113893.4891,100973.0547,Layer of ash beneath artifiact bearing strata
"Kittleman, 1973",16,Curelom Cirque,1973,41.982402,-113.736105,UT,2,25,mean,N,PB,TEP,unk,691248.0481,624533.5197,"Specimen from 2cm layer of very fine ash in bog, in Raft River Mountains Utah, average grain size 25micron, <4wt% free crystals, correlated using refractive index "
"Bovet et al., 2003 (?) published through consortium, Bowerman, 2003 (GSA Abstract)",17,Independence Lake,2003,42.199257,-113.667599,ID,4,NA,nodat,N,LC,CLI,unk,692033.0209,608545.1298,"Livingston core in deepest part of lake, retrieved 2-6cm of Mazama in all cores"
"Westgate, pers comm 2018",18,"Klamath Falls, Pelican City",1981,42.252013,-121.792811,OR,NA,NA,nodat,N,unk,TEP,unk,82380.42778,75844.25367,-
"Bovet et al., 2003 (?) published through consortium, Bowerman, 2003 (GSA Abstract)",19,Lake Cleveland,2003,42.322063,-113.649931,ID,4,NA,nodat,N,LC,CLI,unk,691147.7394,598185.469,"Livingston core in deepest part of lake, retrieved 2-6cm of Mazama in all cores"
"Platt Bradbury et al., 2004; Colman et al., 2004",20,Upper Klamath Lake,2004,42.39959167,-121.877747,OR,NA,NA,nodat,N,LC,ECO,S,64468.1982,57099.99129,"1.6m long gravity core from NW end of lake in water depth 2.5m, tephra reworked in sediments, Mazama found at 704cm in K1 and 328cm in CM2"
"Blinman et al., 1979 (online abridged version of book); Young, 1990",21,Wildhorse Lake,1979,42.629192,-118.588614,OR,3,NA,nodat,N,LC,ECO,B,287035.6312,257711.1384,"2 distinct ash falls, first is 1mm, second is 2cm; Young (1990) has similar locality and records 4cm"
"Preston et al., 1955; Randle et al., 1971",22,Paisley Cave,1955,42.670697,-120.400001,OR,NA,NA,nodat,N,LS,DAT,P,141397.4227,133687.2656,"Pumice layer, collected in 1951, archaeologic site, very important human artefacts, exact location not disclosed"
"Verosub et al., 1986; cited in Sherrod et al., 2012; revisited by Foit & Mehringer, 2016",23,Fish Lake,1986,42.737033,-118.647315,OR,5,NA,nodat,N,LC,MAG,P,280679.3191,244173.1014,"Mazama ash is interbedded with sediment, 8.9m core, (Mazama ash is not found in Diamond basaltic flows),  ash at depth of 5.78"
"Davis, 1985",24,Summer Lake/Ana River,1985,42.876337,-120.76443,OR,NA,NA,nodat,N,LS,TEP,P,108296.3368,90942.40244,Pumice lapilli which lies unconformable on the ground surface at summer lake
"Westgate, pers comm 2018",25,Rogue River valley,2018,42.926979,-122.426989,OR,NA,NA,nodat,N,unk,TEP,unk,26492.07804,26783.71037,-
"Harward and Youngberg, 1969; Lidstrom, 1971",26,Antelope Unit,1969,42.92741728,-121.5219804,OR,223,NA,nodat,N,LS,TEP,P,46760.58291,35121.71397,Upland thicknesses reported by Harward and Youngberg (1969) used by Lidstrom (1971)
"Bacon, 1983  ",27,Wineglass,1983,42.96061,-122.053208,OR,NA,NA,nodat,N,LS,GEO,P,3948.074567,4433.145152,Location has Wineglass Welded Tuff as well as climactic airfall
"Arnold and Libby., 1951; Crane, 1956;  Valastro et al., 1968; Kittleman, 1973",28,Muir Creek,1951,43.045862,-122.353869,OR,850,32000,approx,N,LS,DAT,P,23214.6224,32149.54608,"From roadcut on NW side of Oregon Highway 230, 200m SW of Muir Creek bridge, 5m below soil profile, 8.5m of lapillistone"
"Westgate, pers comm 2018",29,South Chemult,2018,43.144409,-121.796963,OR,NA,NA,nodat,N,LS,TEP,unk,32581.53226,3032.527184,"3.3 miles south of Chemult, Oregon"
"Bacon, 1983  ",30,North Umpqua River Valley,1983,43.15,-122.25,OR,NA,NA,nodat,N,LS,GEO,P,25580.48485,34140.53319,Climactic ash flows and pumice fall
"Bacon, 1983  ",31,North Umpqua River Valley,1983,43.15,-122.21,OR,NA,NA,nodat,N,LS,GEO,P,24196.05858,31400.54638,Climactic ash flows and pumice fall
"Bedwell, 1970; Kittleman, 1973; discussed in Grayson, 1979",32,Connley Cave,1970,43.157975,-121.019481,OR,18,32000,approx,N,LS,TEP,S,89949.852,48830.97234,"Connley caves contain Mazama pumice usually 15-20cm thick; 35LK50, layer of lapilli ash, collected by Bedwell, 1969, 16km SE of Fort Rock Cave, near Paulina Marsh"
"Harward and Youngberg, 1969; Lidstrom, 1971",33,Huckleberry Springs,1969,43.26055961,-121.4991712,OR,224,NA,nodat,N,LS,TEP,P,59345.63935,7329.423631,Upland thicknesses reported by Harward and Youngbeeg (1969) used by Lidstrom (1971)
"Rubin and Alexander, 1960",34,Toketee Falls,1960,43.262993,-122.4338,OR,NA,NA,nodat,N,LS,DAT,P,44409.09755,56642.52458,Pumice in roadcut between Roseburg and Diamond Lake
"Westgate, pers comm 2018",35,Crescent,1981,43.335487,-121.757624,OR,NA,NA,nodat,N,LS,TEP,unk,51044.05653,16828.49862,"Crescent City, Oregon. 13 miles S of Crescent City"
"Westgate, pers comm 2018",36,"Route 31, Fort Rock Cave",1981,43.354138,-121.177124,OR,NA,NA,nodat,N,unk,TEP,unk,86642.23656,20846.61699,"Fort Rock, Oregon.  19 milles NW of Silver Lake Ranger Stn., Oregon, 8 miles W of Fort Rock, Oregon"
"Randle et al., 1971; Kittleman,1973",37,Fort Rock Cave,1971,43.370862,-121.065873,OR,NA,2000,approx,N,LS,TEP,unk,95282.54413,26867.60833,"Archaeologic site, pumice lapilli samples overlay and were mixed with artifact bearing strata"
"Harward and Youngberg, 1969; Lidstrom, 1971",38,South Ice Cave,1969,43.582907,-121.088197,OR,68,NA,nodat,N,LS,TEP,P,107415.9536,6583.492745,68cm upland thickness
"Gavin, pers comm 2018; Buckland, 2019",39,Gold Lake,2018,43.636001,-122.041025,OR,75,1726.819068,median,Y,LC,GEO,P,77038.15256,62551.2398,75cm of Mazama airfall that preserves Upper and Lower pumice units (two reversely graded units)
"Kittleman, 1973",40,China Hat Butte,1973,43.681272,-121.035388,OR,NA,NA,nodat,N,LS,TEP,unk,117900.6737,1432.083618,"Specimens come from superimposed layers in roadcut on China Hat Butte, tephra weathered"
"Adams, 1990",41,"Offshore turbities, Pacific Ocean",1990,43.71519,-125.719843,-,NA,NA,nodat,N,BH,GEO,S,303175.0777,325176.9806,"Cores from Cascadia deep-sea channgel contain volcanic glass from Mazama eruption, loose volcanic material fell in Columbia River catchment and was washed out into Cascadia basin"
"Larsen et al., 2016",42,"Jenny Lake, Wyoming",2016,43.75054,-110.73428,WY,1,NA,nodat,N,LC,CLI,P,917599.0139,634252.8735,"identified by major element chemistry and surrounding radiocarbon dates, occurs in two cores from Jenny Lake at depths of ~1m, "
"McFarland, 1989",43,Grayling Springs archaeological site,1989,43.7688971,-121.632961,OR,NA,177,approx,N,LS,ARC,B,98867.6578,46598.96703,"Ash present down to ~24cm, fine sandy ash, loose"
"McFarland, 1989",44,Dusty Mink archaeological site,1989,43.769619,-121.624454,OR,NA,NA,nodat,N,LS,ARC,B,99197.07515,46088.57981,"Heavily reworked by mechanical and biological processes, ash present down to ~70cm"
"Shapley & Finney, 2015",45,Pettit Lake,2015,43.979754,-114.882007,ID,6,52,median,N,LC,TEP,B,589416.5836,368860.5519,"Three piston core from Pettit lake, Mazama identified by geochemistry and position, 600km from source, 6cm of thickness, intra lake remobilisation"
"Buckland, 2019",46,Mount Bachelor,2019,44.00610481,-121.6757426,OR,64,403,median,Y,LS,TEP,P,122926.3885,70455.09671,"Similar to Young localities (1990) 103 and 128, tephra pit with 56cm of Mazama fall with 8cm overlying fine co-ig ash"
"Long et al., 2014; Buckland, 2019",47,Tumalo Lake,2014,44.021667,-121.543611,OR,50,345,median,Y,LC,ECO,P,127802.7081,62925.3991,"Sediment cores collected from the deep water basins using 5cm Livingstone sampler, thickness including fine co-ignimbrite"
"Whitlock et al., 2011",48,Lower Decker Lake,2011,44.069304,-114.889116,OR,NA,NA,nodat,N,LC,ECO,P,590420.4497,360092.9015,"Small closed basin, found at 2.47m in core"
"Long et al., 2014",49,Three Creek,2014,44.099167,-121.6275,OR,37,NA,nodat,N,LC,ECO,P,133989.604,75437.43772,"Carbon dates from sediment above and below layer, some contain charcoal and or plants"
"Buckland, 2019",50,Prineville Reservoir,2019,44.13317341,-120.6987345,OR,NA,231,median,Y,LS,TEP,S,172942.7839,16288.67371,"Fine grained white ashy material exposed in roadcut, small lens of material likely slumped "
"Mullineaux, 1974; Young, 1990",51,Simon Young Site 20,1974,44.15215301,-109.1824759,WY,0.1,NA,nodat,N,unk,TEP,unk,1043148.416,681602.4086,Site 20 in Figure 2 from Young (1990)
"Long et al., 1998",52,Little Lake,1998,44.167248,-123.584502,OR,2,NA,nodat,N,LC,ECO,P,181650.3488,214844.2387,"Overlapping sediment core collected from the centre of Little Lake, 5cm diameter, 11.3m core, Mazama tephra at 10.44m depth"
"Harward and Youngberg, 1969; Lidstrom, 1971; Matz, 1987",53,Simpson Place Bog,1969,44.186112,-120.700684,OR,45,NA,nodat,N,PB,TEP,P,177382.4341,21134.91392,"30cm bog thickness converted to 60cm by Lidstrom (1971), reported as 25cm upland thickness by Matz (1987) and converted to 50cm"
"Long et al., 2014",54,Round Lake,2014,44.442778,-121.786667,OR,14,NA,nodat,N,LC,ECO,P,169072.0934,116579.9925,Cores collected from deep water basins of each lake using Livingstone sampler
"Buckland, 2019",55,Mitchell,2019,44.55443198,-120.3206694,OR,NA,155,median,Y,LS,TEP,B,228187.7282,28908.5567,"Fine basal layer, bright white and very fine grained with overlying coarser pumice containing layer"
"Kittleman, 1973; collected by Davis",56,Three Sheep Rockshelter archaeological site,1973,44.55921,-121.288296,OR,NA,NA,nodat,N,LS,TEP,unk,191209.4632,93516.46354,"From Round Butte Dam Oregon, site JE-41"
"Kittleman, 1973; collected by Davis",57,Everyone archaeological site,1973,44.592365,-121.285438,OR,NA,NA,nodat,N,LS,TEP,unk,194783.1307,96276.05939,"From Round Butte Dam Oregon, site number J-44"
"Harward and Youngberg, 1969; Rai, 1971; Lidstrom 1971",58,Day Creek (Forty Day Creek),1969,44.608169,-119.036203,OR,59.5,NA,nodat,N,AUG,TEP,P,305742.8338,50114.67278,"Multile soil cores taken by Rai (1971) found varied thickness of Mazama tephra; have used average of 72cm (Harward and Youngberg, 1969) and 40cm (Lidstrom, 1971)"
"Long et al., 2014",59,Breitenbush Lake,2014,44.769444,-121.777778,OR,17,NA,nodat,N,LC,ECO,P,205466.3116,144948.3041,"Four lakes in study, similar size and watershed characteristics, simple bathymetrics, 5cm livingstone sampler, 4.36m core length, found at 249cm in Breitenbush Lake"
"Young, 1990; originally found in Powers and Wilcox, 1964",60,West Stayton,1964,44.79654169,-122.8500073,OR,0.1,NA,nodat,N,unk,TEP,unk,216026.7913,219725.8351,-
"Kittleman, 1973",61,Blue Mountains,1973,44.821038,-119.903462,OR,NA,NA,nodat,N,LS,TEP,unk,271970.2599,25477.79943,"Specimens came from apparently extensive layer of fine ash, localities near the towns of Spray and Service Creek, Oregon"
"Doerner & Carrara , 2001",62,McCall Fen,2001,44.919986,-116.069836,ID,15,100,approx,N,PB,CLI,unk,526658.9029,208805.2391,"480cm in length, three tephras in core (Mount Saint Helens, Mazama and Glacier), radiocarbon dates from peat below"
"Harward and Youngberg, 1969; Lidstrom, 1971; Young, 1990",63,Anthony Lake Meadow,1969,44.959342,-118.231676,OR,27,NA,nodat,N,PB,TEP,P,379805.1201,69831.4039,"18cm bog thickness converted to 36cm upland by Lidstrom (1971), Young (1990) reports as 30cm"
"Beebee et al., 2002",64,Deschutes River,2002,45.041662,-121.101795,OR,200,NA,nodat,N,LS,GEO,S,247012.7444,124124.1379,"River Mile 62, stop 7, medium sand containing reworked Mazama pumice (flood deposit)"
"Young, 1990; originally found in Powers and Wilcox, 1964",65,Hubbard,1964,45.16787154,-122.7985006,OR,0.1,NA,nodat,N,unk,TEP,unk,255319.7382,248976.3906,-
"Foit et al., 1993",66,Kearns Basin,1993,45.325158,-112.956706,MO,0.2,NA,nodat,N,PB,TEP,unk,770969.4935,356853.6074,"Shallow marshy depression, 2mm Mazama at 1.41m in core"
"Buckland, 2017",67,Grande Ronde,2019,45.35290122,-118.1937818,OR,40,38,median,Y,LS,TEP,S,408828.3916,36300.67889,"Remobilised ash layer in river bank sediments, exposed white ash layer 40cm thick above Glacier Peak ash lower in section"
"Harward and Youngberg, 1969; Borchardt et al., 1973; Young, 1990",68,Hurricane Creek,1969,45.36833679,-116.9945815,OR,26.25,NA,nodat,N,PB,TEP,unk,485382.9213,110153.7458,Thickness is reported by Young as 40cm (upland equivalent thickness); but reported as 12.5cm bog thickness by Lidstrom (1971) then coverted to 25cm
"Carson, 2001; Buckland 2017",69,Pole Bridge,2001,45.386414,-117.425074,OR,300,25,median,Y,LS,GEO,S,458597.931,81634.20966,"Walk 100m along road to the SE and a roadcut in a small steep post alluvial fan, near the top is a large lens of Mazama ash; 3m of white overthickened Mazama ash"
"Cressman et al., 1960; Ames et al., 1998 ",70,Fivemile Rapids,1960,45.627,-121.127948,OR,NA,NA,nodat,N,LS,ARC,unk,309358.8877,178224.2799,"Address restricted, site of modern Spearfish Lake, layer identified by Cressman (1960), site of human occupation since 9000BC, same layer as seen at adjacent Bid Eddy, layer termed ""White Band"""
"Cressman et al., 1960; Kittleman, 1973; collected by D.L. Cole",71,Big Eddy archaeological site,1960,45.633556,-120.915524,OR,NA,NA,nodat,N,LS,ARC,unk,314520.318,164831.6659,"Near Dalles Oregon, Lake Celilo, contaminated by detrital grains of quartz, plagioclase, ferromagnesian minerals and basaltic rock fragments"
"Mehringer et al., 1977a, 1977b;  Blinman et al., 1979; Foit et al., 1993",72,Lost Trail Pass Bog,1977,45.691967,-113.949188,ID,7,NA,nodat,N,PB,ECO,P,712169.8486,264185.6496,"Five cores at centre of bog, 10cm diameter piston corer, one 7cm thick Mazama ash layer, lower 4.9cm fell in autum (pollen concentration)"
"Buckland, 2017",73,Andies Prairie,2019,45.70283033,-118.0335698,OR,30,29,median,Y,LS,TEP,P,443904.509,16768.6537,"30cm continous tephra layer just below top soil, yellow to white in appearance"
"Cressman and Cole, 1962; Randle et al., 1971; Kittleman, 1973",74,Hobo Cave,1962,45.724751,-120.59028,OR,NA,NA,nodat,N,LS,TEP,unk,332414.8042,151710.7016,"Archaeologic site, collected by Cressman and Cole (1969), 35 GM 24, crystal vitric ash, contaminated by detrital grains of quartz, plagioclase, ferromagnesian minerals and basaltic rock fragments (Kittleman, 1973)"
"Cole, 1969; Randle et al., 1971; Kittleman, 1973",75,Wildcat Canyon,1969,45.725505,-120.183441,OR,10,NA,nodat,N,LS,TEP,unk,345091.3363,125261.3451,"Archaeologic site, 35 GM 9, near Arlington, contaminated by detrital grains of quartz, plagioclase, ferromagnesian minerals and basaltic rock fragments (Kittleman, 1973)"
"Harward and Youngberg, 1969; Rai, 1971; Borchardt et al., 1973; Young, 1990",76,"Dick Springs, Tollgate area",1969,45.753348,-118.158017,OR,37,NA,nodat,N,PB,TEP,P,440790.7303,16449.89734,"original paper reports 68cm but Young has converted to upland equivalent thickness(?), Rai sections suggest 63-90cm but upland equivalent 42cm; site 3 in Young, 1990 Fig 2"
"Rai, 1971; Lidstrom, 1971",77,"Meadowwood, Tollgate area",1971,45.756104,-118.10377,OR,38,NA,nodat,N,PB,TEP,P,444019.9266,16652.98338,"range of thicknesses measured in Meadowwood (at Coyote Ridge) 30-70cm, upland thickness from Rai (1971) is 42cm, Lidstrom (1978) reports 34-37cm"
"Sweeney et al., 2005",78,Cliff's Blowout,2005,45.899549,-118.986524,OR,20,NA,nodat,N,LS,CLI,S,410497.0574,63994.72697,"Exposures of Mazama within aeolian sand, dune activity may correlate to loess accumulation downwind of Juniper Canyon"
"Whitlock et al., 2000",79,Carp Lake,2000,45.918393,-120.882501,WA,2,NA,nodat,N,LC,TEP,unk,345812.7778,188251.3878,"Named Carp Ash 3, occurs at 3.64-3.68m in core"
"Sweeney et al., 2005; Buckland, 2017",80,Juniper Canyon,2005,45.95489,-119.032356,OR,70,24,median,Y,LS,CLI,S,413324.5017,71961.15969,Exposures of Mazama within aeolian sand; exposed on top of alluvial fan
"Carson and Pogue, 1996; Buckland , 2017",81,Wallula Gap\Spring Gulch,1996,46.000839,-118.97537,WA,300,25,median,Y,LS,GEO,S,420057.6636,72520.29402,"Between basalt cliffs and Columbia River are alluvial fans, channel on fan reveals ~3m of Mazama ash and fan sediments, , exposed between two sand flow deposits on north facing side of canyon"
"Reidel et al., 1992",82,Joseph Creek,1992,46.001999,-117.045646,WA,NA,NA,nodat,N,LS,GEO,unk,523361.5286,48457.05076,Geological map outcrop of Qz (Mazama)
"Waitt, 1980",83,Burlingame Canyon,1980,46.04847,-118.656775,WA,NA,NA,nodat,N,LS,GEO,unk,439241.5883,56634.40511,"Touchet beds, flood sediment,  loess cap containing Mazama tephra"
"Reidel et al., 1992",84,Grande Ronde River Canyon,1992,46.066224,-117.011318,WA,15,NA,nodat,N,LS,GEO,unk,529939.062,44637.54136,"~15cm thick, well exposed in river canyon"
"Reidel et al., 1992",85,Snake River,1992,46.091866,-116.984443,WA,NA,NA,nodat,N,LS,GEO,unk,533351.5325,43921.44706,Geological map outcrop of Qz (Mazama)
"Buckland, 2017",86,Touchet Road,2019,46.10136406,-118.471133,WA,30,NA,nodat,N,LS,TEP,S,452855.9212,49738.45297,"Exposed under bridge along Touchet Road, cannot access for sampling, likely remobilised"
"Baker et al., 2010",87,Warrenton borehole,2010,46.10327,-123.55134,OR,500,32,approx,N,BH,GEO,B,372526.6948,382508.0049,"Borehole reached depth of 11m below modern surface, 47 cores collected, Mazama tephra occurs at 21m in tidal basin fill of sand and mud"
"Peterson et al., 2012  ",88,Lower Columbia River Valley,2012,46.15,-123.03,WA,50,32,approx,N,BH,TEP,S,366899.3429,351468.0085,"Large number of cores with Mazama tephra, range in thicknesses across cores, both ash and lapilli variably mixed with river sediments"
"Gibson, 1984",89,Two Rivers Site,1984,46.183978,-119.032231,WA,12.5,NA,nodat,N,AUG,ARC,unk,434201.4369,92846.75269,"Uneven, undulating ash layer, began 105cm below surface and ended 115-120cm, disturbed by small mammals"
"Hooper et al., 1985",90,Tenmile Creek,1985,46.270006,-116.999309,WA,12.5,NA,nodat,N,LS,GEO,unk,545370.8046,26508.27368,"Single outcrop of Mazama in canyon, within alluvium"
"Hooper et al., 1985",91,Imnaha Basalt,1985,46.4411609,-117.151634,WA,12.5,NA,nodat,N,LS,GEO,unk,549688.2798,21595.55017,Outcrops shown along Imnaha basalt outcrop on North side of Snake river
"Hooper et al., 1985",92,Steptoe Canyon,1985,46.457949,-117.185991,WA,12.5,NA,nodat,N,LS,GEO,unk,549097.4426,21515.71558,Multiple outcrops of ash shown on geological map all up in two branches of canyon
"Gaylord et al., 2001",93,Smith Canyon,2001,46.458547,-119.121915,WA,9,NA,nodat,N,LS,CLI,S,456261.6236,123612.6123,"Stratigraphic sections measured along Eltopia Canal, outburst floors, loess and dune sands are exposed, Mazama tephra in dunes"
"Garber, 1970; cannot access original paper but cited in Lidstrom, 1971",94,"Moscow, Idaho",1971,46.46807355,-116.8403492,ID,30,NA,nodat,N,LS,TEP,P,569142.2885,22752.49456,"60cm upland thickness with overthickening present, original thickness considered to be approximately 30cm (Lidstrom, 1971)"
"Brown, 1970",95,Dry Creek,1970,46.500179,-119.630091,WA,15,NA,nodat,N,LS,GEO,unk,441593.5213,159800.8927,"Unconsolidated aeolian sediments, fanglomeratic sands and volcanic ash beds exposed, high in eolian sediments is Mazama ash, overlain in Rattlesnake Springs site"
"Carson and Pogue, 1996",96,Tucannon River Valley,1996,46.5084,-117.997094,WA,NA,NA,nodat,N,LS,GEO,S,510992.6684,57366.60247,Tucannon River valley fill includes Mazama ash that has been washed down into the valley from the surrounding hills
"Thompson, 1985",97,Seed Cave,1985,46.508537,-118.618465,WA,NA,NA,nodat,N,LS,CLI,S,482041.6579,96339.23507,"Archaeological site, dates below tephra too young so likely exhumed and redeposited Mazama ash"
"Carson and Pogue, 1996",98,Lower Monumental Dam,1996,46.543698,-118.533046,WA,NA,NA,nodat,N,LS,GEO,unk,489020.4364,94187.01323,"Intersection of Lower Monumental Road and Matthew Road, giant cross-beds exposed, in west wall of gravel pit Mazama ash overlies Missoula floods"
"Barnosky, 1981     ",99,Davis Lake,1981,46.558735,-122.295663,WA,6,NA,nodat,N,LC,ECO,P,405243.5734,338786.7256,7.21-7.27m in core
"Bush et al., 1984",100,McAdam Junction,1984,46.595939,-118.217379,WA,NA,NA,nodat,N,LS,GEO,unk,508071.605,79186.00372,"Gravel bar obstructs mouth of tributary valley, exposures of Mazama ash, put point at Lyons Ferry, where gravel bar extends"
"Carson and Pogue, 1996; Buckland , 2017",101,Palouse Falls,1996,46.701268,-118.412271,WA,NA,31,median,Y,LS,GEO,S,508691.66,101072.544,"Mazama ash is exposed in cuts on the SW side of the road, junction of state routes 260 and 261 is at this location likely remobilised ash"
"Foit et al., 1993",102,"Marys Pond, Montana",1993,46.703812,-114.35067,MO,45,NA,nodat,N,LC,TEP,S,736726.2795,144999.5487,"Small lake (60x200m), three coring sites, deepest core in the centre contains 42cm of thick redepositied mixed Mazama ash, others contained 9cm-90cm"
"Blinman et al., 1979; Matz 1987; Foitt et al., 1993",103,Wildcat Lake,1979,46.727267,-118.158146,WA,146,NA,nodat,N,LC,ECO,B,522462.7171,87570.89378,"Wildcat lake 5km south of Hooper, over 100cm thick Mazama tephra at ~16m in core, primary ashfall (1cm) distinguished by colour, refractive index, stratigraphy and pollen content"
"Mullineaux, 1974; Young, 1990",104,Mount Rainier National Park ,1974,46.915977,-121.6376,WA,6,62,approx,N,LS,GEO,P,446124.9608,327405.9152,"McNeeley site, Alpine meadow, NNW of Ranger Station at Yakima Park, iron stained Mazama ash, yellow or brown; Young (1990) has  equivalent site with 5-10cm measured (site 7 on Figure 2)"
"Bush et al., 1984",105,Endicott,1984,46.934574,-117.702847,WA,NA,NA,nodat,N,LS,GEO,S,561970.5988,78417.92902,"Exposures along creek banks exhibit reworked Mazama ash underlain by early Holocene alluvium, put location where road passes creek"
"Foit et al., 1993",106,Sheep Mountain Bog,1993,46.951776,-113.794389,MO,39,NA,nodat,N,PB,TEP,S,787179.4307,153842.3498,"Bog at 1920m elevation in Rattlesnake Mountains in small cirque basin, reworked Mazama tephra at 7.71m depth"
"Crandell and Mullineaux, 1967; Lidstrom, 1971",107,"Mount Rainier, Carbon River",1967,46.969007,-121.812602,WA,5,NA,nodat,N,LS,GEO,P,451269.234,343648.7638,3 inches of Mazama in section along Carbon river
"Blinman et al., 1979; Young, 1990",108,Simon Young Site 11,1979,46.97289812,-118.2066807,WA,2,NA,nodat,N,unk,TEP,unk,542485.3167,113225.2694,Site 11 in Figure 2 from Young (1990)
"Westgate, pers comm 2018",109,Craig,1981,47.123658,-111.917052,MO,NA,NA,nodat,N,unk,TEP,unk,920383.0772,243846.7318,"Craig, Montana. NW29-16N-2W; Craig Quad., Montana;6.7 miles upstream from Harly Bridge, Missouri R"
"Spano et al., 2017",110,Lake Superior,2017,47.13,-87.82,MI,NA,45,mean,N,LC,TEP,unk,2704598.704,1235667.891,"Two piston cores both had cryptotephra, significant glass shards, dominantly fluted and pumiceous with minor cuspate shards, larges shards 125µm, geochem matches Llao rock and Mazama, location of KB core"
"Blackford, Pers. Comm to Egan et al., 2016",111,Bear Swamp,2016,47.17595,-121.929917,WA,NA,NA,nodat,N,unk,unk,unk,474185.1201,369935.3128,-
"Mullineaux, 1974; Young, 1990",112,Simon Young Site 19,1974,47.31912283,-110.4956349,MO,0.1,NA,nodat,N,unk,TEP,unk,1026467.937,302742.4334,Site 19 in Figure 2 from Young (1990)
"Foit et al., 1993",113,Williams Lake Fen,1993,47.328639,-117.681883,WA,46,NA,nodat,N,LC,TEP,P,597866.7238,113602.5268,"Tephra in two layers, occuring at ~6.5m in the core"
"Broecker et al., 1956",114,Covington,1956,47.382505,-122.040894,WA,NA,NA,nodat,N,PB,DAT,P,497260.3571,395772.8463,Brown volcanic ash layer in peat bog
"Rubin and Alexander, 1960; Powers and Wilcox, 1964 ",115,Arrow Lake,1960,47.43,-122.338558,WA,NA,NA,nodat,N,LC,DAT,P,503072.113,419592.7083,Was called 'Glacier Peak' ash by Rubin and Alexander
"Rubin and Alexander, 1960",116,Bow Lake,1960,47.438332,-122.292612,WA,NA,NA,nodat,N,LC,DAT,P,503862.5429,417317.0462,Was called 'Glacier Peak' ash by Rubin and Alexander
"Young, 1990; originally pers comm from Mullineaux, 1989",117,Simon Young Site 8,1989,47.58307013,-121.9491959,WA,2.5,NA,nodat,N,unk,TEP,unk,519827.2321,407805.5788,Site 8 in Figure 2 from Young (1990)
"Leopold et al., 1982    ",118,Lake Washington,1982,47.624553,-122.264756,WA,NA,NA,nodat,N,LC,ECO,P,524674.322,432204.4975,"11m core, water depth 55m near the centre of northern Lake Washington"
"Rigg and Gould, 1957; Egan et al., 2016",119,Moss Lake,1957,47.695027,-121.849681,WA,5.5,32,median,N,PB,TEP,P,532559.802,411391.1127,"White volcanic ash layer in peat bog, originally attributed to Glacier Peak; reappraised by Egan et al. in 2016, plots show thickness in two cores ranging from 5-6cm"
"Czamanske and Porter, 1965; Matz, 1987;  Young, 1990",120,"Creston Bog, Washington",1965,47.76190457,-118.5000566,WA,24,NA,nodat,N,AUG,TEP,P,606155.3576,204245.9004,"Auger from Creston Bog, WA, original paper states layer is between 118cm and 142cml but Young (1990) reported as <50cm (site 10 in Figure 2), reported as 10cm uncorrected and 20cm corrected by Matz (1987)"
"Mack et al., 1976",121,Creston,1976,47.768299,-118.548676,WA,5,NA,nodat,N,PB,ECO,P,605079.4896,207854.8186,"Sometimes referred to as Wilbur Bog, located to near Creston, Glacier Peak and Mazama ash,"
"Lidstrom, 197; via Hansen, pers comm",122,Newman Lake,1971,47.773226,-117.09948,WA,22.5,NA,nodat,N,LC,TEP,P,663779.9313,119333.1651,-
"Tabor et al., 1963",123,Skykomish River ,1963,47.80944,-121.594935,WA,NA,NA,nodat,N,LS,GEO,unk,546315.3492,405140.1284,Geological mapping found lots of units capped by Mazama ash (location approx)
"Heusser, 1974 ",124,Hoh River Valley,1974,47.810671,-124.202155,WA,NA,NA,nodat,N,PB,ECO,unk,570138.3261,577458.6309,"Volcanic ash in zone P-2 at site 1, coordinates approximated from location map in paper, near Mt Octopus near Hoh River"
"Westgate, pers comm 2018",125,Choteau,1981,47.817931,-112.182728,MO,NA,16.74646035,median,N,unk,TEP,unk,941062.4274,162170.6682,-
"Goldfinger, pers comm 2018; Buckland, 2019",126,Leland Lake,2018,47.897077,-122.881425,WA,2,NA,nodat,N,LC,DAT,P,558698.3037,497228.7113,"2cm of Mazama ash preserving reverse grading, some bioturbation of layer"
"Chatters and Hoover, 1992",127,Wells Reservoir,1992,48.095363,-119.822791,WA,NA,NA,nodat,N,LS,CLI,S,602412.8185,317702.829,"Part of the T2 terrace, occurs in the middle third of the eolian unit, fluvial stratigraphy near the mouth of the Okanogan river"
"Power et al., 2011; Stevens et al., 2006 (same lake but barely references the tephra)",128,Foy Lake,2006,48.1685,-114.3592,MO,48,NA,nodat,N,LC,ECO,B,834818.5407,35122.48777,"11.4m long sediment core taken from 39.9m water depth Foy Lake with livingstone piston sampler, Mazama at 7.07m"
"Mack et al., 1978c",129,Waits Lake,1978,48.184076,-117.790589,WA,7.5,NA,nodat,N,LC,ECO,unk,673248.5447,199664.9973,"Two 10.6m cores collected with Livingstone sampler, Mazama ash at 380cm,"
"Westgate, pers comm 2018",130,Methow Valley,1981,48.212777,-120.125389,WA,NA,NA,nodat,N,unk,TEP,unk,608851.5458,347578.7635,-
"Nickman and Leopold, 1985; Matz, 1987",131,Goose Lake,1985,48.27584395,-118.5983125,WA,12,NA,nodat,N,LC,ECO,unk,654261.9923,257820.3564,Matz (1987) cites 12cm thickness (6cm C1 and 6cm C2) and converts to 24cm upland thickness
"James et al., 2009",132,Matheson Lake,2009,48.361,-123.597,BC,NA,NA,nodat,N,LC,CLI,P,618651.957,586056.3085,"4.4m core, Mazama tephra occurs at 1.37m depth, deeper carbon dates of ~12000years BP"
"Carrara and Trimble, 1992",133,Dailey Lake Bog,1992,48.459379,-117.808224,WA,165,100,approx,N,PB,TEP,B,699265.0695,226348.6609,"Augered to depth of 415cm, thick light gray unit of reworked material that has been washed into bog"
"Buckley and Willis, 1970",134,"Portage Inlet, Vancouver Island",1970,48.463846,-123.42111,BC,1.5,NA,nodat,N,PB,DAT,P,627545.3446,583607.7419,-
"Westgate, pers comm 2018",135,Galata,1981,48.467194,-111.35168,MO,NA,16.74646035,median,N,unk,TEP,unk,1031934.767,144848.467,-
"Carrara and Trimble, 1992",136,Starvation Flat bog,1992,48.469627,-117.726685,WA,65,62,approx,N,PB,TEP,B,703225.7867,222337.5744,"Augered to depths of 280cm, Mazama ash very pale brown silty layer occuring at 75cm depth"
"James et al., 2009",137,Prior Lake,2009,48.476,-123.466,BC,NA,NA,nodat,N,LC,CLI,P,629477.6877,587662.5553,"7.3m core mud overlain with gyttja, Mazama tephra at 1.58m"
"James et al., 2009",138,Pike Lake ,2009,48.489667,-123.469108,BC,NA,NA,nodat,N,LC,CLI,P,631027.8387,589090.8249,"5.45m core, Mazama occurs at 2.01m depth "
"Lowdon and Blake, 1970",139,"Rithets Bog, Vancouver Island",1970,48.492832,-123.385697,BC,NA,NA,nodat,N,PB,DAT,P,630297.9758,583862.3595,"Rithets bog, gyttja 6.6m below distinctive layer of Mazama ash, junction of Royal Oak Ave and Patricia Hwy"
"James et al., 2009",140,Maltby Lake ,2009,48.496575,-123.4523,BC,NA,NA,nodat,N,LC,CLI,unk,631568.0253,588597.7371,"4.1m core from Maltby Lake, mud sharply overlain by gyttja, tephra occurs at 1.58m depth"
"Mack et al., 1978; Matz, 1978",141,Hager Pond ,1978,48.580023,-116.956851,ID,10,NA,nodat,N,LC,ECO,unk,743512.0529,186122.8254,"3 cores, Hager pond occupies depression near Kaispell Creek, fluvial gravels, outwash plain, thickness from Matz (1987) thesis 10cm then corrected to 20cm upland in Distal Thickening area"
"Moseley et al., 1992; Mehringer et al., 1977",142,Hager Lake,1977,48.596931,-116.971806,ID,NA,NA,nodat,N,LC,ECO,B,744481.6299,188604.0718,"10cm diameter piston core from deepest area of lake (12.2m), clean and mixed layers of Mazama at around 15.6m depth"
"Westgate, pers comm 2018",143,Sidney Island,1981,48.603588,-123.292512,BC,NA,NA,nodat,N,unk,TEP,unk,641443.5024,587635.9034,"Sydney Island Strt of Georgia, E. of Victoria, B.C."
"Reidel et al., 2001 (online abridged version of book)",144,Skagit River,2001,48.624672,-121.34682,WA,2,NA,nodat,N,LS,GEO,B,638914.235,462992.0137,Unit 3 interpreted as primary fall deposit of Mazama tephra into landslide damned lake (unmodified chemistry of grains)
"Mack et al., 1979; Matz, 1987",145,Mud Lake,1979,48.672321,-118.765689,WA,40,NA,nodat,N,LC,ECO,unk,689862.9535,304840.4333,"Shown as 40cm on core section in Mack et al., (1979), converted to 80cm upland by Matz (1987)"
"Powers & Wilcox, 1964; Matz, 1987",146,Big Meadow Lake,1964,48.726966,-117.555868,WA,36,NA,nodat,N,PB,TEP,unk,734460.7704,235964.2375,2.3m in peat ash has mazama characteristics; Matz thickness 72cm split into C1 and C2 (38;34cm)
"Moseley et al., 1992; Mehringer et al., 1977",147,Huff Lake ,1977,48.7407,-117.0625,WA,NA,NA,nodat,N,LC,ECO,B,754380.0896,207514.4855,"Cored south end of Huff Lake,"
"Mack et al., 1979; Matz, 1987",148,Bonaparte Meadows,1979,48.778243,-119.061323,WA,12,75,approx,N,AUG,DAT,P,692970.5363,332917.5921,"Two sediment cores to bedrock, separation of upper and lower units by grainsize, two distinct ash falls, Llao rock (8cm) and climactic Mazama (12cm); Matz (1987) reported as 14cm then doubled thickness as ""corrected"" summing Llao and Mazama together"
"Mack et al., 1983",149,Tepee Lake,1983,48.788147,-115.101281,MO,10,NA,nodat,N,LC,ECO,P,845241.8392,96263.33638,-
"MacGregor et al., 2011",150,Swiftcurrent Lake,2011,48.7963,-113.661564,MO,48,15,mean,N,LC,CLI,B,919966.8244,38808.99876,"East of Continental divide in Glacier National Park, Livingstone core 6.58m long collected from centre of SW sub-basin in 8m water depth, 70-80% glass with some contamination by carbonate and clastic sediment"
"Westgate, pers comm 2018",151,Ryan,1981,48.811979,-117.933374,WA,NA,NA,nodat,N,unk,TEP,unk,729701.7989,266797.2194,-
"Westgate, pers comm 2018",152,USA border,1981,49.00447329,-119.5881834,BC,NA,16.74646035,median,N,unk,TEP,unk,704914.8532,386527.2356,-
"Heinrichs et al., 1999",153,Kilpoola Lake,1999,49.0269,-119.562614,BC,30,NA,nodat,N,LC,ECO,unk,707852.0813,387001.7643,"4.9m core suing Livingstone piston corer (2.5cm),"
"Westgate, pers comm 2018",154,Chopaka,1981,49.034572,-119.703823,BC,NA,NA,nodat,N,unk,TEP,unk,705843.6247,396510.201,-
"Westgate, pers comm 2018",155,Cardston,1981,49.03823948,-113.2638217,AB,NA,14.57864049,median,N,LS,TEP,unk,959646.815,40652.81147,-
"Westgate, pers comm 2018",156,Osoyoos,1981,49.046134,-119.511994,BC,NA,NA,nodat,N,unk,TEP,unk,710970.655,385624.859,-
"Westgate, pers comm 2018",157,Waterton,1981,49.05290715,-113.8391559,AB,NA,19.23663146,median,N,unk,TEP,unk,930274.6712,49282.44005,-
"Westgate, pers comm 2018",158,Waterton,1981,49.10511314,-113.8776558,AB,NA,27.2047051,median,N,unk,TEP,unk,932380.4528,56460.70727,-
"Pyne-O'Donnell et al., 2012",159,Nordans Pond bog,2012,49.15188889,-53.5972,NF,NA,38,mean,N,PB,TEP,unk,5105993.774,1368940.906,"Cryptotephra glass shards extracted from core sediments, 12 discrete cryptotephras in core"
"Williams  and Auria, 1991",160,Lulu Island,1991,49.178107,-122.97379,BC,1.5,NA,nodat,N,AUG,TEP,P,702321.681,618363.4996,"Multiple drill cores around Lulu island contain Mazama tephra, bracketing radiocarbon dates and XES analysis support its source as Mazama"
"Westgate, pers comm 2018",161,Keremos,1981,49.190746,-119.779729,BC,NA,NA,nodat,N,unk,TEP,unk,721303.3394,415630.6797,-
"Westgate, pers comm 2018",162,Lulu Island,1981,49.19239413,-123.0561284,BC,3.048,10.30865555,median,N,unk,TEP,unk,704578.2749,625026.3656,"Lulu Island, B.C.; near CNR bridge, depth 32.6 - 32.7 feet."
"Westgate, pers comm 2018",163,Ashnola River Road,1981,49.219564,-119.951942,BC,NA,NA,nodat,N,unk,TEP,unk,721386.3401,429036.62,-
"Dyck et al., 1966",164,Burnaby Lake,1966,49.259632,-122.968313,BC,NA,NA,nodat,N,PB,DAT,P,711376.8658,625352.7798,"13.5ft deep peat at Sperling Street Interchange, 2 ash layers, Mazama O pumice"
"Brown et al., 1989",165,Lake Mike,1989,49.274489,-122.539898,BC,3,NA,nodat,N,LC,DAT,P,710544.3352,598842.0475,"Sediments mix of glacial clay/gyttja, ash layer 425cm deep in core"
"Westgate, pers comm 2018",166,Olalla,1981,49.29944901,-119.7853912,BC,NA,15.625,median,N,unk,TEP,unk,732993.7705,425999.7033,-
"Westgate, pers comm 2018",167,Castlegar Raspberry,1981,49.323115,-117.679713,BC,NA,19.23663146,median,N,unk,TEP,unk,789107.64,299141.1013,"Syringa Ck., B.C.,  delta at S end of Lower Arrow Lake, Columbia R.; ash in drill core"
"Dyck et al., 1965",168,Lower Arrow Lake,1965,49.343405,-117.868053,BC,NA,NA,nodat,N,LC,DAT,P,785166.7902,312402.5738,Shelby-tube sample near outlet of Lower Arrow Lake
"Lowdon and Blake, 1970",169,Twobit Creek,1970,49.343405,-117.868053,BC,8,NA,nodat,N,PB,DAT,P,785166.7902,312402.5738,"1 mile easter of Lower Arrow Lake, 8cm thick volcanic ash bed at 96cm depth"
"Westgate, pers comm 2018",170,Highway 3,1981,49.385133,-120.180403,BC,NA,NA,nodat,N,unk,TEP,unk,735864.7245,458560.2533,-
"Westgate, pers comm 2018",171,Raymond,1981,49.45015593,-112.7068142,AB,NA,NA,nodat,N,unk,TEP,unk,1020517.123,43348.48558,"Raymond, Alberta, from dugout in Milk River Ridge, S. of Raymond."
"Westgate, pers comm 2018",172,Princeton,1981,49.455257,-120.3813128,BC,NA,NA,nodat,N,unk,TEP,unk,740778.5734,477599.7536,-
"Westgate, pers comm 2018",173,Connely Creek,1981,49.465039,-120.6018,BC,NA,NA,nodat,N,unk,TEP,unk,739162.3836,492357.206,-
"Mathewes et al., 1972; cited in Hallett et al., 1997",174,Squeah Lake,1972,49.480799,-121.406079,BC,2,NA,nodat,N,LC,DAT,P,734299.9005,544726.2593,"Lake core with ash ~410 cm deep in the sediment, lake core taken close to shore on north side of lake"
"Foit et al., 2004",175,Cooley Lake,2004,49.491054,-117.645219,BC,252,NA,nodat,N,LC,TEP,B,807067.0112,312777.0259,"Base of core (kept filling in), appears to be redeposited up the lake core (at least two layers), thickness is of primary but both present"
"Foit et al., 2004",176,Rockslide Lake,2004,49.550807,-117.521041,BC,30,NA,nodat,N,LC,TEP,S,817041.8608,310917.6796,"Too young age, must be redeposited, multiple redeposited layers (1mm thick)"
"Landals, 1990; chapter in Davis et al., 2015 (online abridged); Jensen et al., 2019",177,Maple Leaf Archaeological Site,1990,49.565695,-114.358494,AB,15,30,median,Y,LS,ARC,P,946157.9148,127788.8082,"Maple Leaf Archaeological Site, located on south-facing side of the valley where the Livingstone Range transects the Crowsnest River Valley, varies in thickness"
"Westgate, pers comm 2018",178,Pinecrest Lake,1981,49.57172575,-121.4113482,BC,NA,NA,nodat,N,unk,TEP,unk,744447.6255,553357.6874,"Pinecrest Lake, near Yale, B.C., Fraser River Valley; elevation c. 1100 feet."
"McCallum and Dyck, 1960; Lowdon et al., 1969",179,Fraser Canyon,1960,49.583627,-121.400717,BC,NA,NA,nodat,N,LS,DAT,P,745832.2098,553767.1734,"Milliken site Zone D, stratified site, sterile gravels, seam of volcanic ash,  East bank of the Fraser River near Yale, from a human occupation layer, transitional phase of Mazama"
"Westgate, pers comm 2018",180,Fort Steele,1981,49.63204454,-115.5182054,BC,7.5,12.69144369,median,N,unk,TEP,unk,899894.5273,200564.1213,"Fort Steele, B.C.; on Hwy 93; ash occurs in a single layer from 0 to 15 cm thick and 2 to 3.5cm below surface of fan, which is graded to just above the Kootenay River."
"Driver, 1982;, Jensen et al., 2019",181,Crowsnest Pass ,1982,49.649,-114.7078,AB,NA,22,median,Y,unk,unk,unk,937025.3605,155618.0498,-
"Freeman et al., 2006",182,Cypress Hills,2006,49.659381,-110.293353,AB,NA,NA,nodat,N,AUG,DAT,P,1170743.535,84610.18444,"Archaeological site, Cypress Hills Alberta, 441cm below the surface, location H"
"Freeman et al., 2006",183,Cypress Hills,2006,49.660427,-110.049987,AB,NA,NA,nodat,N,AUG,DAT,P,1185103.101,97180.82891,"Archaeological site, Cypress Hills Alberta, 305cm below the surface, location Q"
"Freeman et al., 2006; Oetelaar & Beaudoin, 2016; Westgate pers comm, 2018; Jensen et al., 2019",184,"Stampede Archaeological Site, Elkwater",2006,49.666718,-110.259534,AB,32.5,27,median,Y,AUG,DAT,B,1173199.697,85656.65895,"Stampede Archaeological site (50cm in early references), Archaeological site near Elkwater.  Continuous, 15 cm thick (Jensen), grainsize from Westgate Elkwater site"
"Westgate, pers comm 2018",185,Oldman River,1981,49.74116653,-114.056302,AB,NA,19.23663146,median,N,unk,TEP,unk,975259.0992,127531.7785,-
"Westgate, pers comm 2018",186,Cypress Hills,1981,49.74418288,-109.9661408,SA,NA,13.13900649,median,N,unk,TEP,unk,1195416.922,93284.06803,"Cypress Hills, Alberta; LSD15, S23, Tp9, R1, W4."
"Enache & Cumming, 2006",187,Prosser Lake,2006,49.750922,-120.625902,BC,4.25,50,approx,N,LC,TEP,S,770576.7596,520109.0577,"6.25m core, 4.5cm thick tephra layer at 472.5cm in core, identified by microprobe as Mazama, has migrated downward in sediment to give older age"
"Westgate, pers comm 2018",188,Oldman River,1981,49.76860264,-114.0056037,AB,NA,NA,nodat,N,unk,TEP,unk,979971.3506,127313.4163,-
"Westgate, pers comm 2018",189,Callum Creek,1981,49.78034295,-114.0501613,AB,NA,20.61731111,median,N,unk,TEP,unk,978835.3908,130946.5411,-
"Jensen et al., 2019",190,Friday's Site,2019,49.8040551,-109.7219709,SA,NA,26,median,Y,LS,-,S,1213624.73,99991.45965,Bluff exposure (perhaps a former cut bank)
"Westgate, pers comm 2018",191,Cypress Hills,1981,49.82749453,-109.344789,SA,NA,12.69144369,median,N,unk,TEP,unk,1237462.279,117007.3487,"Cypress Hills, Saskatchewan; Lsd15-14-10-26-W3rd; south side of small valley; about 5 miles S and 3 miles E of Maple Creek. Stratigraphy: alluvial silt, volcanic ash < 10 cm, sand and silt, gravel, black clay."
"Westgate, pers comm 2018",192,Horseshow Bay,1981,49.84301707,-123.0931184,BC,NA,NA,nodat,N,unk,TEP,unk,777419.658,686112.9094,"Mile 40.1, Horseshow Bay - Alberta lake Hwy., B.C.; from a drained pond."
"Westgate, pers comm 2018",193,Dennis Ranch,1981,49.84664078,-114.1855719,AB,NA,NA,nodat,N,unk,TEP,unk,978064.23,144931.7106,"Dennis Ranch, Alberta. NE1/4-25-10-3-W5					"
"Westgate, pers comm 2018",194,Livingstone Gap,1981,49.8493782,-114.3064152,AB,NA,27.2047051,median,N,unk,TEP,unk,972691.1264,152011.5755,"Livingstone Gap, Alberta; SE 1/4-32-10-3-W5."
"Reeves and Dormaar, 1972",195,The Gap,1972,49.870111,-114.365352,AB,10,NA,nodat,N,LS,ARC,unk,971759.0476,157328.1754,"Colluvium with band of Mazama ash, 'The Gap' bounded by Racehorse Creek and the Oldman River"
"Westgate, pers comm 2018",196,Kelowna Bridge,1981,49.882844,-119.50278,BC,NA,NA,nodat,N,unk,TEP,unk,801409.0853,462375.2413,"Kelowna Bridge, B.C.; 57 feet below bottom of Okanagan Lake at front of Mission Creek delta"
"Westgate, pers comm 2018",197,"Township Road, Claresholm",1981,49.95773382,-113.6997041,AB,NA,27.2047051,median,N,unk,TEP,unk,1010355.397,128370.3221,-
"Westgate, pers comm 2018",198,Claresholm,1981,50.01485664,-113.576846,AB,NA,19.23663146,median,N,unk,TEP,unk,1020984.023,127029.9777,-
"Westgate, pers comm 2018",199,Woodsdale,1981,50.04766569,-119.3956432,BC,NA,44.19417382,median,N,unk,TEP,unk,821235.6096,471052.0402,-
"Westgate, pers comm 2018",200,Medicine Hat,1981,50.11096367,-110.5176467,AB,24,NA,nodat,N,unk,TEP,unk,1188256.753,51924.92166,"Medicine Hat, Alberta; 2 miles E of Mitchell Bluff, NW1/4-36-13-5-W4; tephra abover several palaeosols, postglacial;24 cm thick."
"Westgate, pers comm 2018",201,Island Bluff,1981,50.13731032,-110.5878515,AB,9,NA,nodat,N,unk,TEP,unk,1186164.487,51737.38246,"Island(Eagle) Bluff, NE bank of S. Sask. R., N of Medicine Hat; SW1/4-4-14-5-W4; postglacial; 9 cm thick."
"Westgate, pers comm 2018",202,Willow Creek,1981,50.13791185,-113.7697399,AB,NA,27.2047051,median,N,unk,TEP,unk,1022153.781,149621.2778,"NE6-14-29-W; Willow Ck., S Alberta."
"Mathewes, 1973 CANT ACCESS but cited in Hallett et al., 1997",203,Surprise Lake,1973,50.14553,-125.567446,BC,NA,NA,nodat,N,LC,DAT,unk,850193.0749,876289.0308,-
"Westgate, pers comm 2018",204,near Medicine Hat,1981,50.14652276,-110.4804944,AB,30.48,17.9484118,median,N,unk,TEP,S,1192799.05,52112.51823,"Medicine Hat, Alberta. SE1/4-S.2-Tp14-R5-W4; 12"" thick, reworked"
"Lowdon and Blake, 1970",205,Lavington,1970,50.229244,-119.099689,BC,10,NA,nodat,N,PB,DAT,P,846536.5052,469782.1641,"Base of bog,  N side of Coldstream Creek valley, deposit of 550cm of muckey peat with ash layer at 360-370cm on top of sandy silt"
"Dyck et al., 1965",206,Deep Creek,1965,50.233255,-119.113447,BC,NA,NA,nodat,N,PB,DAT,P,846693.9126,470995.2686,"Pit dug in peat bog 3mi north of Okanagan Lake, layers of volcanic ash lie at depths of 40cm and 70cm"
"Westgate, pers comm 2018",207,Lytton,1981,50.234924,-121.57939,BC,NA,NA,nodat,N,unk,TEP,unk,818028.3958,624608.8611,"Lytton, B.C., road cut near mouth of Nicoamen River, might correspond to 136 in other database, hand recorded on WS map"
"Sanger, 1967; Lowdon et al., 1969",208,Drynoch Slide Archaeological Site,1967,50.253341,-121.554009,BC,NA,NA,nodat,N,LS,ARC,unk,820176.2127,624685.2862,"Base of landslide section, Located on Thompson River near head of the Canyon 3 on Figure 1, 36 miles from Lochnore-Nesikep locality"
"Westgate, pers comm 2018",209,Spences Bridge,1981,50.358772,-121.390532,BC,NA,NA,nodat,N,unk,TEP,unk,832627.6323,624000.5083,"Near UA100, hand recorded on AB BC map"
"Menounos, 2002 cited in Filippelli et al., 2006",210,Lower Joffre Lake,2002,50.365953,-122.496625,BC,1,NA,nodat,N,LC,CLI,P,832683.9791,695015.5055,"11m vibracore,  1cm airfall Mazama, sediments become more mineral rich after Mazama, 8.9m in core"
"Beierle & Smith, 1998",211,Cartwright Lake ,1998,50.372467,-114.814292,AB,10,NA,nodat,N,LC,CLI,S,996510.6021,230853.8985,"Small meltout lake, core from 3.5 deep water, mid lake, disseminated Mazama tephra was found in the sediment "
"Lowdon & Blake, 1973 CANT ACCESS but cited in Hallett et al., 1997",212,Chase,1973,50.372467,-114.814292,BC,NA,NA,nodat,N,LC,DAT,unk,996510.6021,230853.8985,-
"Westgate, pers comm 2018",213,Thompson River,1981,50.48573733,-121.2530933,BC,NA,17.9484118,median,N,unk,TEP,unk,847505.4528,626980.3288,-
"Westgate, pers comm 2018",214,Westwold,1981,50.49479873,-119.7315488,BC,NA,35.89682359,median,N,unk,TEP,unk,864239.1863,533160.5692,-
"Westgate, pers comm 2018",215,Fountainview Academy,1981,50.53076,-121.767897,BC,NA,NA,nodat,N,unk,TEP,unk,850709.9766,663604.8662,-
"Westgate, pers comm 2018",216,Fraser River,1981,50.605575,-121.846561,BC,NA,NA,nodat,N,unk,TEP,unk,858975.904,675430.5615,-
"Beierle & Smith, 1998",217,Upper Kananaskis Lake,1998,50.621492,-115.15016,AB,10,NA,nodat,N,LC,CLI,unk,1005827.984,273749.7279,"Core from 45m of water, furthest of two basins from source waters,"
"Westgate, pers comm 2018",218,Barnhartvale,1981,50.64540523,-120.0940054,BC,NA,14.57864049,median,N,unk,TEP,unk,875728.9186,569445.7013,-
"Westgate, pers comm 2018",219,Kamloops,1981,50.655296,-120.031451,BC,NA,NA,nodat,N,unk,TEP,unk,877623.1808,566500.8556,-
"Westgate, pers comm 2018",220,Kamloops,1981,50.65788,-120.102187,BC,NA,NA,nodat,N,unk,TEP,unk,877001.6344,571105.2825,-
"Hallett et al., 1997",221,"Cobb Lake, Kootenay National Park",1997,50.660615,-115.875941,BC,NA,NA,nodat,N,LC,DAT,P,982321.8663,319028.756,"Lakes cored in Kootenay National park, part of pollen and fire study, layer of charcoal bearing tephra, forest fires coincided with eruption"
"Westgate, pers comm 2018",222,Kamloops,1981,50.666074,-120.182934,BC,NA,NA,nodat,N,unk,TEP,unk,876910.9144,576851.8632,-
"Westgate, pers comm 2018",223,Kamloops,1981,50.671034,-120.233063,BC,NA,NA,nodat,N,unk,TEP,unk,876862.5333,580410.5082,-
"Westgate, pers comm 2018",224,Pritchard,1981,50.699108,-119.816223,BC,NA,NA,nodat,N,unk,TEP,unk,885384.1174,557309.8735,"Pritchard, B.C., gulley on N bank of Thompson R., opposite Pritchard; lower (B) ash, about 10' below surface"
"Westgate, pers comm 2018",225,Ashcroft,1981,50.725739,-121.272818,BC,NA,NA,nodat,N,BP,TEP,unk,874246.8731,650251.4512,"Ashcroft, B.C.,  in peat of Jersey Lake, Bethlehem Copper, Highland Valley, E of Ashcroft"
"Westgate, pers comm 2018",226,Canoe Mill,1981,50.745568,-119.236348,BC,NA,NA,nodat,N,unk,TEP,unk,899747.775,526160.6724,"Canoe Mill, BC"
"Hallett et al., 1997",227,"Dog Lake, Kootenay National Park",1997,50.781486,-115.929185,BC,10,NA,nodat,N,LC,DAT,P,992130.7638,333600.2174,"Trace amounts of very fine charcoal in tephra, lakes cored in Kootenay National Park"
"Mothersill, 1991",228,Mara Lake,1991,50.787636,-119.004604,BC,9,NA,nodat,N,LC,MAG,unk,908554.921,516003.0589,"Cores taken up to 9m in length, no intermixing of tephra with underlying sediments, deepest tephra at 6.5 to 7m in core"
"Williams and Goles, 1968; cannot access original paper but cited in Lidstrom, 1971; Young 1990",229,Jesmond Bog,1968,50.81986693,-120.8441659,BC,1,NA,nodat,N,PB,TEP,P,887471.3652,632095.657,"5mm bog thickness converted to 1cm upland (Lidstrom, 1971); recorded as <1cm by Young, (1990; site 12 in Figure 2)"
"Westgate, pers comm 2018",230,Pavilion,1981,50.829163,-121.855652,BC,NA,NA,nodat,N,unk,TEP,unk,884036.389,696459.6751,-
"Westgate, pers comm 2018",231,Cache Creek,1981,50.836623,-121.371896,BC,NA,NA,nodat,N,unk,TEP,unk,886195.3994,666655.714,-
"David, 1970; Lidstrom, 1971; Young 1990",232,South Saskatchewan River,1970,50.860909,-109.969648,SA,3,62,approx,N,LS,TEP,B,1271186.035,55031.29994,"In exposures at the top of the eastern bluffs of the river, silt loam, poorly sorted, Mean phi 5.82, light gray to white, loose structureless, contains some secondary carbonates, gradatinal upper contact, sharp underlying contact"
"Westgate, pers comm 2018",233,Pavilion,1981,50.87384,-121.828157,BC,NA,NA,nodat,N,unk,TEP,unk,889080.9394,698811.4601,-
"Westgate, pers comm 2018, Jensen et al., 2019",234,"Empress, Sastkatchewn Outlook",1981,50.88987535,-109.8457965,SA,4.5,29,median,Y,unk,TEP,unk,1279949.227,55485.72376,"7 miles SSE of Empress, Saskatchewan; Sec 9, Tp. 22, R. 29, W3, Cutbank, S.Sask. River, 1.6 m depth, 4-5 cm thick"
"Westgate, pers comm 2018",235,Pavilion,1981,50.893761,-121.76792,BC,NA,19.23663146,median,N,unk,TEP,unk,891407.4808,696831.4829,"Pavilion, B.C., 1 mile E of Pavilion; cut in recent alluvial fan on N valley wall, hand recorded on WS map"
"Westgate, pers comm 2018",236,Fish Creek,1981,50.92194314,-113.9531428,AB,NA,15.625,median,N,unk,TEP,unk,1082099.312,235372.5329,"Fish Creek, Calgary, NE1/4-5-23-1-W; ash about 1 m below surface of terrace about 30 m above present channel."
"Westgate, pers comm 2018",237,Wasootch,1981,50.92390425,-115.0886531,AB,NA,22.09708691,median,N,unk,TEP,unk,1036505.394,299195.3009,"NNE, S15-23-9-W5; Alberta; elevation about 5800 feet."
"Westgate, pers comm 2018",238,West Calgary,1981,50.95446776,-115.0561871,AB,10,16.74646035,median,N,unk,TEP,unk,1040614.77,300284.5891,"W centre, S15-23-9-W5; EP71; elevation about 6200 feet. 10 cm thick."
"Westgate, pers comm 2018",239,Wasootch Creek,1981,50.95881131,-114.9206085,AB,NA,NA,nodat,N,unk,TEP,unk,1046221.053,293039.9087,"In postglacial alluvium; from Wasootch Creek, Alberta, south of Forest Experimental Station on Coleman Road-Kananaskis Rd."
"Westgate, pers comm 2018",240,Stoney Trail,1981,50.96311841,-115.1240274,AB,NA,23.68307135,median,N,unk,TEP,unk,1038856.236,304954.0355,-
"Westgate, pers comm 2018",241,Stoney Creek,1981,51.02631253,-115.0023009,AB,NA,25.38288739,median,N,unk,TEP,unk,1049418.201,304122.7729,-
"Westgate, pers comm 2018, Jensen et al., 2019",242,Calgary,1981,51.037947,-114.091836,AB,5,NA,nodat,N,unk,TEP,S,1086680.946,254254.6013,"17th Ave & 12 th Street, Calgary, Alberta; tephra 7.8 feet below surface; all lake and pond silts of postglacial sediments of Bow River flood plain, Archaeology site, SE Calgary, 130 cm below surface, discontinuous and reworked, up to 10 cm thick (Jensen)"
"Westgate, pers comm 2018",243,McLure,1981,51.067736,-120.233111,BC,NA,23.68307135,median,N,unk,TEP,unk,920748.3,617127.7438,-
"Lowdon et al., 1971",244,Mount Revelstoke,1971,51.080629,-118.082462,BC,NA,NA,nodat,N,LC,DAT,P,959400.7218,488023.3993,-
"Beierle & Smith, 1998",245,Frederick Lake,1998,51.093956,-114.728953,AB,10,NA,nodat,N,LC,CLI,unk,1066244.324,295218.8301,"Core taken in deepest (4m) part of lake, zone 5 is silty clay capped by Mazama tephra"
"Newton, 1991; Jensen et al., 2019",246,Bow River,1991,51.09703271,-115.1093777,AB,NA,37,median,Y,AUG,-,unk,1052061.844,316951.5707,"Archaeological site, tephra on paleosol ~175 cm below surface, dated (see Newton 1991)"
"Oetelaar & Beaudoin, 2016",247,Tuscany site,2016,51.136695,-114.274171,AB,6,NA,nodat,N,LS,ARC,unk,1088187.671,273905.9504,"Archaeological site EgPm-377, Mazama ash approx 1.4m below surface in excavated profile, location based on outskirts of town named Tuscany"
"Westgate, pers comm 2018",248,Banff hot springs,1981,51.15802617,-115.533709,AB,NA,19.23663146,median,N,unk,TEP,unk,1042506.911,346867.8152,-
"Westgate, pers comm 2018",249,Banff,1981,51.186101,-115.576309,AB,NA,NA,nodat,N,unk,TEP,unk,1043727.714,351977.1098,-
"Beierle & Smith, 1998",250,Johnson Lake,1998,51.196792,-115.48492,AB,100,NA,nodat,N,LC,CLI,unk,1047973.132,347796.8857,"Northern flank of Bow River valley, core in 4m of water, abnormally thick Mazama"
"Mathewes, 1973 CANT ACCESS but cited in Hallett et al., 1997",251,Marion Lake,1973,51.259502,-117.5088,BC,NA,NA,nodat,N,LC,DAT,unk,992238.4044,470901.3606,-
"White & Osborn, 1992; Bierle & Smith, 1992",252,"Copper Lake, Banff National Park",1992,51.260418,-115.923281,AB,35,NA,nodat,N,LC,TEP,B,1039163.878,378894.0867,"8 cores taken from Copper Lake, 5cm livingstone piston sampler, 6-71cm of Mazama tephra occurs in all cores at depths between 10.4m and 13.6m, concentrated towards centre of basins"
"Westgate, pers comm 2018",253,Trans Canada Highway,1981,51.28944878,-116.7925788,BC,NA,NA,nodat,N,unk,TEP,unk,1014973.238,431827.3913,-
"Reasoner & Hickman, 1989; Hickman & Reasoner, 1994",254,Opabin Lake,1989,51.340989,-116.312153,BC,3,NA,nodat,N,LC,ECO,unk,1034656.303,408913.4028,"Sediment core collected with percussion system, two tephras in cores (Bridge River and Mazama)"
"Hickman & Reasoner, 1994",255,Mary Lake,1994,51.350613,-116.333856,BC,6,NA,nodat,N,LC,CLI,unk,1034945.936,411080.2149,"Sub-alpine lake, sediment core collected with percussion system, two tephras in cores (Bridge River and Mazama)"
"Reasoner & Hickman, 1989; cited in Hickman & Reasoner, 1994",256,Lake O'Hara,1989,51.355975,-116.330272,BC,4,NA,nodat,N,LC,ECO,unk,1035594.562,411383.6708,"Cored in 1985, percussion coring (7.6cm diameter) in deepest part of Lake"
"Menounos, 2002; cited in Filippelli et al., 2006",257,Green Lake,2002,51.403267,-121.231433,BC,NA,NA,nodat,N,LC,CLI,P,950237.4631,709994.3507,"Four sediment cores, most sediment silty clay to clay-sit, Mazama tephra at 8.9m"
"Westgate, pers comm 2018",258,Lake Louise,1981,51.40954427,-116.1387002,AB,NA,NA,nodat,N,unk,TEP,unk,1046953.328,405464.65,-
"Duford and Osborn, 1978;  cited in Hallett et al., 1997",259,Dunn Peak,1978,51.430574,-119.960926,BC,NA,NA,nodat,N,LS,DAT,unk,964013.9166,634091.1104,"Sample DC-1, found in sandy silt in end moraine, glacial moraine deposits in cirques near Dunn Peak, ash lying directly on or few cm above till surface"
"Westgate, pers comm 2018",260,Downie Creek,1981,51.48406,-118.466918,BC,NA,NA,nodat,N,unk,TEP,unk,994003.8982,548837.4905,"Downie Creek, B.C.  Downie slide, W side of Columbia River, 4 miles N of Downie Creek; ash at elevation  1750 feet"
"Westgate, pers comm 2018",261,Red Deer River,1981,51.64824355,-115.0785173,AB,NA,23.68307135,median,N,unk,TEP,unk,1105844.364,368083.6446,-
"Westgate, pers comm 2018",262,Maze Peak,1981,51.69883,-115.4082526,AB,NA,11.84153568,median,N,unk,TEP,unk,1099392.857,391512.7374,-
"Jensen et al., 2019",263,James Pass,2019,51.79140958,-115.4685381,AB,NA,27,median,Y,LS,-,unk,1106448.203,403791.3522,-
"Westgate and Dreimanis, 1967; cited in Hallett et al., 1997; Young, 1990; Westgate pers comm, 2018; Jensen et al., 2019",264,"Banff National Park, Saskatchewan Crossing",1967,51.967316,-116.751932,AB,12,30,median,Y,LS,TEP,P,1085506.666,493863.3405,"Immediately below the soil, coarse silt-sized particles predominate, some pumice fragments; site 13 in Figure 2 from Young (1990) Fig 2, where thickness  <25cm, B Jensen, pers comm, 12cm thick, Immediately W on N bank of N Saskatchewan Crossing Bridge; ash 42-47"" below base of topsoil (J Westgate, pers comm)"
"Westgate, pers comm 2018",265,North Saskatchewan River,1981,51.97349416,-116.4871497,AB,5.08,NA,nodat,N,unk,TEP,unk,1093453.079,479211.9442,"N. Saskatchewan River valley; right bank; 2"" thick; in loess"
"Buckley and Willis, 1969",266,Revelstoke,1969,52,-118.3,BC,NA,NA,nodat,N,LS,DAT,P,1052681.586,587437.6553,-
"Westgate, pers comm 2018",267,Warsaw Mountain,1981,52.0001825,-118.409193,BC,NA,37.16272234,median,N,unk,TEP,unk,1050580.059,593924.8265,-
"Westgate, pers comm 2018",268,Upper North Saskatchewan River,1981,52.00445527,-116.3395446,AB,7.62,19.23663146,median,N,unk,TEP,unk,1100809.182,473700.6702,"Upper N. Sask. R. valley, above Siffleur R., terrace on right bank, 28' above flood plain; 0-6"" loess, 6-11"" tephra (UA126), 11-21""loess, 21-24"" tephra (UA127), 24-28"" loess, sand and gravel."
"Westgate, pers comm 2018",269,"Mica Creek, Chapman",1981,52.004489,-118.562728,BC,5.08,25.38288739,median,N,unk,TEP,unk,1048162.167,603446.1166,"Mica townsite, B.C.,  in drainage ditch at elevation 1850 feet; orange-brown ash; up to 2 "" thick; in alluvial fan deposits of Mica Creek; covered by 1 -3' of brown silty sand soil showing bedding"
"Westgate, pers comm 2018",270,Upper North Saskatchewan River,1981,52.02214665,-116.3182935,AB,5.08,15.625,median,N,unk,TEP,unk,1103218.963,474172.0197,"Upper N. Sask. R. valley, above Siffleur R. Alberta, terrace on right bank, about 6' above modern flood plain; 0-22"" loess, 24-25"" tephra (UA124); 24-40"" loess; 40-42"" tephra (UA125), 42-75"" heavy clay, sand and gravel"
"Westgate, pers comm 2018",271,Mica Creek,1981,52.076463,-118.573438,BC,10.16,33.4929207,median,N,unk,TEP,unk,1055739.873,610851.6453,"Mica damsite, B.C.,left abutment of damsite; grey ash; elevation 2550feet; up to 4"" thick; mostly under large stumps"
"Fulton, 1971    CANT ACCESS PAPER",272,Columbia River Valley,1971,52.1,-118.55,BC,NA,NA,nodat,N,unk,unk,unk,1058709.137,611673.729,-
"Westgate, pers comm 2018",273,White Goat,1981,52.15517866,-116.9301939,AB,NA,33.4929207,median,N,unk,TEP,unk,1100231.26,522020.2481,-
"Yu, 2006",274,Goldeye Lake Fen,2006,52.27,-116.12,AB,2,NA,nodat,N,PB,ECO,P,1134105.6,486534.9252,"350cm long core collecter using 5cm Macaulay peat sampler, contains Mount Saint Helens and Mazama ash, both layers light grey in colour"
"Jensen et al., 2019",275,Nordegg Bridge,2019,52.46184242,-116.1150269,AB,2.5,24,median,Y,LS,-,B,1153756.702,504603.4035,"Loess cap on terrace north of the N. Saskatchewan River. Sharp basal contact, 2-5 cm thick (2-3 on average), with some reworking at top. N 52.39993, W 116.07983"
"Gilbert and Desloges, 2012",276,Quesnel Lake,2012,52.485996,-121.342778,BC,1,12,mean,N,LC,GEM,B,1070937.546,816887.5797,"2 lake cores with visible ash layer, no evidence of ash sinking into ambient sediment beneath"
"Gilbert and Desloges, 2012",277,Quesnel Lake,2012,52.612807,-120.997395,BC,2,12,mean,N,LC,GEM,B,1086643.963,807374.2062,"Pumice and platy morphologies in glass, Quesnel Lake is 1000km from source, likely overthickened by river input"
"Jensen et al., 2019",278,Boss Hill near Buffalo Lake,2019,52.67733869,-113.1459672,AB,NA,26,median,Y,AUG,-,unk,1273999.865,361659.2496,"Archaeological site, 2m below the surface"
"Luckman et al., 1986; cited in Hallett et al., 1997",279,Tonquin Pass,1986,53.140385,-119.172821,BC,2,NA,nodat,N,PB,DAT,unk,1162310.797,746539.5856,Shallow stream cuts into bog
"Westgate, pers comm 2018",280,Rat Creek,1981,53.2085227,-115.4956813,AB,NA,19.23663146,median,N,unk,TEP,unk,1247157.192,541478.4185,"Rat Creek, Alberta.  30 miles S of Nojack"
"Jensen et al., 2019",281,Brule Lake,2019,53.303,-117.839,AB,2,NA,nodat,N,LC,-,unk,1201503.825,683676.3769,"Lake section, in basal aeolian sand. Diffuse and up to ~2 cm thick"
"Yu et al., 2003 cited in Yu et al., 2006",282,Upper Pinto Fen,2003,53.35,-118.01,AB,NA,NA,nodat,N,PB,ECO,unk,1203410.01,698060.857,"350cm peat core collected using Macaulay peat sample, mineral peak not visible ash layer"
"Westgate, pers comm 2018",283,Muscata Creek Viaduct,1981,53.35944889,-117.587043,AB,5.08,31.25,median,N,unk,TEP,unk,1212421.673,674473.6498,"Muscuta Creek Viaduct, west of Hinton, Alberta; ash is 1-3"" thick in aeolian sand; 112"" below surface."
"Westgate, pers comm 2018",284,Duffield,1981,53.41944642,-114.3013939,AB,NA,NA,nodat,N,unk,TEP,unk,1304254.572,496191.7051,-
"Jensen et al., 2019",285,Hasse Lake,2019,53.488,-114.174,AB,1,NA,nodat,N,LC,-,unk,1315057.236,495941.8804,"Lake core, 253 cm depth. Distorted but probably close to ~1 cm thick"
"Chague-Goff et al., 1996",286,Keephills Fen,1996,53.49462222,-114.429811,AB,0.1,NA,nodat,N,PB,GEO,unk,1307597.58,510470.6373,"Core taken using Macauley auger, non-visible tephra revealed by major chemistry, volcanic ash rich zone 23cm"
"Westgate, pers comm 2018",287,"Roper Rd, Edmonton",1981,53.49825281,-113.4084288,AB,NA,22.09708691,median,N,unk,TEP,unk,1341593.138,455793.8081,-
"Westgate, pers comm 2018",288,Lake Wabamun,1981,53.51366777,-114.5197182,AB,NA,17.9484118,median,N,LC,TEP,unk,1306685.873,517214.0984,-
"Westgate, pers comm 2018; Jensen et al., 2019",289,Edmonton South,1981,53.5294,-113.5135,AB,0.75,26,median,Y,unk,TEP,unk,1340965.2,464443.8149,"Edmonton, Alberta, see also field number 13866i; N Sask. T. terrace at Whitemud Creek; combined with B Jensen, pers comm Edmonton sample South side of N. Saskatchewan River Valley by LRT bridge below University (~0.5-1 cm thick)	"
"Westgate, pers comm 2018; possibly Westgate et al., 1969; Young 1990",290,Beverley,1969,53.55703673,-113.3537466,AB,1.5,16.74646035,median,N,unk,TEP,unk,1349096.581,458620.4724,"Beverley terrace, Edmonton; 3' modern soil, dark-brown loam; 1"" ash; 4' bedded clay, silt, and fine sand; 3'+ yellow silts and sands, Young (1990) reports 5cm (site 14 in Figure 2)"
"Lichti-Federovich, 1970; Lidstrom, 1971; Young, 1990; Westgate, pers comm 2018",291,Lofty Lake,1970,54.723476,-112.481055,AB,0.1,NA,nodat,N,LC,DAT,P,1490211.157,527287.4428,"Livingston coreer, 1mm ash layer at 398cm in the core identified as Mazama; Young (1990) reported as 0.2cm"
"Zdanowicz et al., 1999",292,"GISP2, Greenland",1999,73.58,-38.4,-,NA,15,approx,N,IC,DAT,unk,5233156.319,1492646.734,-
"Hammer et al., 1980",293,"Camp Century, Greenland",1980,77.1667,-61.1333,-,NA,NA,nodat,N,IC,CLI,unk,4649526.826,1737640.761,-
"Jensen et al., 2021",294,Bloomington Bog,2021,44.383,-74.138,NY,NA,NA,nodat,N,PB,TEP,unk,3806000,,
"Jensen et al., 2021",295,Sydney Bog,2021,44.39,-69.79,ME,NA,NA,nodat,N,PB,TEP,unk,4138000,,
"Jensen et al., 2021",296,Thin Ice Pond,2021,44.736,-64.538,NS,NA,NA,nodat,N,PV,TEP,unk,4523000,,